Species,BGC,MoistureRegime,NutrientRegime,si50,numbersites
Ac,BWBSmk,4,C,33.69,1
Ac,BWBSmw,5,C,15.31,1
Ac,ICHmk3,4,C,25.1,1
Ac,ICHmm,5,D,35.87,1
Ac,ICHmw2,5,,32.95,2
Ac,ICHwk2,4,D,21.03,1
Ac,ICHwk3,5,C,36.01,1
Ac,ICHwk3,5,D,29.33,1
Ac,IDFxh2,5,E,20.63,1
Ac,MSmw1,4,C,32.95,1
Ac,MSmw1,5,D,22.33,1
Ac,SBSdw3,4,C,23.41,2
Ac,SBSdw3,5,D,21.77,1
Ac,SBSmk1,4,D,20.3,1
Ac,SBSmk1,5,D,27.905,2
Ac,SBSmw,4,C,25.1,1
Ac,SBSwk1,5,D,22.335,2
At,BWBSdk,4,D,9.62333333333333,3
At,BWBSdk,5,B,12.11,3
At,BWBSmk,3,B,11.4466666666667,3
At,BWBSmk,3,C,19.4025,4
At,BWBSmk,4,B,10.66,3
At,BWBSmk,4,C,15.2433333333333,3
At,BWBSmk,5,B,10.6733333333333,3
At,BWBSmw,1,B,13.02,1
At,BWBSmw,2,B,13.87,1
At,BWBSmw,3,B,18.53,2
At,BWBSmw,4,B,13.545,2
At,BWBSmw,5,C,18.34,3
At,BWBSwk1,4,D,19.34,1
At,ESSFdk1,3,C,26.19,1
At,ESSFdk1,3,D,24.33,1
At,ESSFdk1,4,C,15.65,1
At,ESSFdk1,5,D,25.8,1
At,ESSFdk2,4,C,23.06,1
At,ESSFmw1,3,C,24.76,2
At,ESSFmw1,4,C,14.84,1
At,ESSFmw1,5,C,21.32,2
At,ESSFwh3,2,C,16.44,1
At,ESSFwh3,4,B,14.69,1
At,ESSFwh3,5,C,16.97,2
At,ESSFwh3,5,D,21.17,1
At,ESSFwm1,3,C,18.75,1
At,ESSFwm3,5,D,21.29,1
At,ICHdm,2,A,10.9866666666667,3
At,ICHdm,2,C,14.34,3
At,ICHdm,3,B,22.0966666666667,3
At,ICHdm,4,B,25.32,3
At,ICHdm,4,C,21.5,3
At,ICHdm,4,D,18.11,3
At,ICHdw1,2,D,19.4566666666667,3
At,ICHdw1,4,B,16.41,1
At,ICHdw1,4,C,20.32,1
At,ICHdw1,4,,23.28,1
At,ICHdw1,5,C,15.47,1
At,ICHmc2,3,D,14.965,2
At,ICHmk1,3,D,25.89,3
At,ICHmk1,4,C,21.2866666666667,3
At,ICHmk1,4,E,22.96,3
At,ICHmk1,5,C,23.125,2
At,ICHmk3,4,C,18.44,1
At,ICHmk4,4,D,19.71,1
At,ICHmm,2,B,25.55,1
At,ICHmm,3,B,23.74,1
At,ICHmm,4,C,24.16,1
At,ICHmm,5,D,23.405,2
At,ICHmw1,6,E,25.5366666666667,3
At,ICHmw3,3,C,17.15,1
At,ICHmw3,4,C,27.41,2
At,ICHmw4,3,B,24.14,1
At,ICHmw4,3,C,21.9933333333333,3
At,ICHmw4,4,B,22.66,1
At,ICHmw4,4,C,19,2
At,ICHmw5,3,C,18.73,1
At,ICHmw5,4,D,23.59,1
At,ICHmw5,5,D,24.37,1
At,ICHwk2,3,C,16.565,2
At,ICHwk2,4,D,23.2,1
At,ICHwk3,3,C,19.38,1
At,ICHwk3,4,C,24.11,1
At,ICHxw,4,B,24.69,2
At,ICHxw,5,D,29.7333333333333,3
At,ICHxw,6,E,31.5866666666667,3
At,IDFdk1,1,C,29.195,2
At,IDFdk1,4,C,27.85,1
At,IDFdk3,5,B,13.4666666666667,3
At,IDFdm1,2,A,14.13,3
At,IDFdm1,2,B,15.9066666666667,3
At,IDFdm1,3,B,18.48,3
At,IDFdm1,5,C,20.88,3
At,IDFdm2,2,C,11.91,1
At,IDFdm2,3,B,21.48,1
At,IDFdm2,3,C,24.22,1
At,IDFxm,3,C,13.01,3
At,IDFxm,3,D,8.41,3
At,IDFxm,4,E,20.2,3
At,IDFxm,5,D,15.8566666666667,3
At,IDFxx2,3,C,25.29,1
At,MSdm1,2,A,12.8933333333333,3
At,MSdm1,5,C,22.7833333333333,3
At,MSdm1,5,D,19.57,2
At,MSdm1,6,D,20.6266666666667,3
At,MSdm2,2,C,21.155,2
At,MSdm2,3,C,20.32,1
At,MSdw,2,B,28.05,1
At,MSdw,2,C,18.64,1
At,MSdw,2,D,13.25,1
At,MSdw,3,B,23.11,2
At,MSdw,5,C,23.195,2
At,MSdw,5,D,16.1,1
At,MSmw1,5,D,26.315,2
At,MSxk1,2,B,19.32,1
At,SBPSdc,4,B,10.2066666666667,3
At,SBPSdc,5,C,20.3966666666667,3
At,SBPSxc,4,B,14.0733333333333,3
At,SBPSxc,4,C,18.64,3
At,SBPSxc,4,D,20.52,3
At,SBSdh1,5,D,20.44,1
At,SBSdk,3,B,19.8425,4
At,SBSdk,3,C,13.25,1
At,SBSdk,3,D,15.2733333333333,3
At,SBSdk,4,B,15.65,1
At,SBSdk,4,C,17.43,4
At,SBSdk,5,C,14.69,1
At,SBSdk,6,D,11.91,1
At,SBSdk,6,E,28.4666666666667,3
At,SBSdw1,3,E,17.1433333333333,3
At,SBSdw1,4,C,17.5775,4
At,SBSdw1,4,D,11.2666666666667,3
At,SBSdw1,4,E,19.5133333333333,3
At,SBSdw1,5,C,19.14,2
At,SBSdw2,3,C,20.17,1
At,SBSdw2,5,D,17.7033333333333,3
At,SBSdw2,6,C,14.6366666666667,3
At,SBSdw2,6,D,20.0233333333333,3
At,SBSdw3,4,B,17.8933333333333,3
At,SBSdw3,5,E,22.17,1
At,SBSmc3,5,B,15.02,1
At,SBSmk1,2,B,17.73,4
At,SBSmk1,3,B,16.99,4
At,SBSmk1,4,B,20.5066666666667,3
At,SBSmk1,4,D,16.56,1
At,SBSmk1,5,B,17.77,4
At,SBSmk1,5,D,19.635,2
At,SBSmk1,6,C,17.98,1
At,SBSmk1,6,D,14.78,1
At,SBSmw,1,C,21.2,1
At,SBSmw,4,C,16.9066666666667,3
At,SBSmw,5,B,16.37,1
At,SBSwk1,3,B,18.7433333333333,3
At,SBSwk1,3,C,23.3733333333333,3
At,SBSwk1,5,B,19.06,1
At,SBSwk2,3,C,16.3633333333333,3
At,SBSwk2,3,,17.5,1
At,SBSwk2,4,B,15.05,1
At,SBSwk2,4,C,22.5166666666667,3
At,SBSwk2,4,D,17.56,1
Ba,CWHvh2,2,B,31.33,1
Ba,CWHvh2,2,D,34.96,2
Ba,CWHvh2,3,B,25.695,2
Ba,CWHvh2,3,E,21.44,1
Ba,CWHvh2,4,B,23.975,2
Ba,CWHvh2,4,C,24.575,2
Ba,CWHvh2,4,D,33.05,2
Ba,CWHvh2,6,D,24.14,1
Ba,CWHvm1,3,D,32.35,2
Ba,CWHvm1,4,E,32.11,2
Ba,CWHvm1,5,D,25.8,3
Ba,CWHvm1,6,A,17.7566666666667,3
Ba,CWHvm1,6,C,33.14,1
Ba,CWHvm1,7,C,29.66,1
Ba,CWHvm1,7,D,20.425,2
Ba,CWHvm2,3,C,24.24,1
Ba,CWHvm2,4,C,24.89,1
Ba,CWHvm2,6,D,24.59,1
Ba,CWHwm,4,C,23.87,3
Ba,CWHws1,3,B,21.55,1
Ba,CWHws1,3,C,25.3275,4
Ba,CWHws1,3,D,21.65,1
Ba,CWHws1,4,B,25.4533333333333,3
Ba,CWHws1,4,C,27.2675,4
Ba,CWHws1,5,E,27.44,1
Ba,CWHws1,6,D,27.625,4
Ba,CWHws1,7,D,33.12,1
Ba,CWHws1,7,E,31.5,1
Ba,CWHws2,3,C,19.16,4
Ba,CWHws2,4,C,25.13,3
Ba,CWHws2,5,D,22.1225,4
Ba,CWHws2,5,E,28.59,1
Ba,CWHws2,6,E,25.385,2
Ba,ESSFmw1,2,B,18.01,1
Ba,ESSFmw1,3,B,12.1633333333333,3
Ba,ESSFmw1,3,C,14.86,1
Ba,ICHmc1,2,B,17.56,1
Ba,ICHmc1a,4,C,13.93,1
Ba,ICHmc2,3,C,19.08,1
Ba,ICHmc2,4,D,26.4,1
Ba,ICHmc2,5,D,19.52,1
Ba,ICHmc2,5,E,29.88,1
Ba,MSmw1,5,C,17.98,1
Bb,BWBSmk,5,D,21.14,1
Bl,BWBSmk,5,D,21.14,1
Bl,ESSFdc1,3,C,11.72,1
Bl,ESSFdc1,4,B,19.88,1
Bl,ESSFdc1,4,D,16.81,2
Bl,ESSFdc1,5,C,25.22,1
Bl,ESSFdc1,5,D,16.815,4
Bl,ESSFdc1,7,C,8.6,1
Bl,ESSFdc2,1,A,8.8,1
Bl,ESSFdc2,1,B,7.52,1
Bl,ESSFdc2,1+,A,13.49,1
Bl,ESSFdc2,2,C,18.74,1
Bl,ESSFdc2,4,B,18.6725,4
Bl,ESSFdc2,5,B,14.0766666666667,3
Bl,ESSFdc2,5,C,17.7825,4
Bl,ESSFdk1,3,C,17.735,2
Bl,ESSFdk1,4,D,28.67,1
Bl,ESSFdk2,2,D,13.35,1
Bl,ESSFdk2,3,B,15.83,1
Bl,ESSFdk2,3,C,17.14,4
Bl,ESSFdk2,3,D,13.405,2
Bl,ESSFdk2,4,D,18.585,2
Bl,ESSFdk2,5,D,17.74,1
Bl,ESSFdk2,6,D,16.62,1
Bl,ESSFdv1,2,B,13.53,1
Bl,ESSFmc,1,A,18.42,1
Bl,ESSFmc,1,C,16.87,1
Bl,ESSFmc,4,B,10.595,2
Bl,ESSFmc,4,E,11.84,1
Bl,ESSFmc,6,B,13.95,1
Bl,ESSFmc,6,C,12.7825,4
Bl,ESSFmc,6,E,11.6,1
Bl,ESSFmc,7,C,7.87,1
Bl,ESSFmc,7,E,17.175,2
Bl,ESSFmh,1,B,20.41,1
Bl,ESSFmh,2,C,19.61,1
Bl,ESSFmh,4,B,15.615,2
Bl,ESSFmh,4,D,17.9666666666667,3
Bl,ESSFmh,5,C,19.9875,4
Bl,ESSFmk,4,C,10.93,1
Bl,ESSFmm3,3,C,19.55,3
Bl,ESSFmv1,6,D,13.86,1
Bl,ESSFmv3,2,B,20.27,1
Bl,ESSFmv3,3,C,22.48,1
Bl,ESSFmw1,1,C,11.34,1
Bl,ESSFmw1,2,B,12.745,2
Bl,ESSFmw1,3,B,23.69,1
Bl,ESSFmw1,5,C,19.725,2
Bl,ESSFmw1,5,E,14.36,1
Bl,ESSFvc,3,C,16.81,1
Bl,ESSFvc,4,C,20.9,1
Bl,ESSFwc2,3,B,17.47,1
Bl,ESSFwc2,3,D,9.75,1
Bl,ESSFwc2,4,C,15.765,2
Bl,ESSFwc3,2,B,19.78,2
Bl,ESSFwc3,3,C,18.045,2
Bl,ESSFwc3,5,C,19.095,2
Bl,ESSFwc3,6,C,18.465,2
Bl,ESSFwc3,6,D,16.92,1
Bl,ESSFwc4,2,B,15.32,1
Bl,ESSFwc4,2,B+,13.04,1
Bl,ESSFwc4,2,C,18.23,1
Bl,ESSFwc4,3,B,14.21,2
Bl,ESSFwc4,3,C,19.42,1
Bl,ESSFwc4,4,B,15.93,1
Bl,ESSFwc4,4,C,16.8,4
Bl,ESSFwc4,4,D,15.15,1
Bl,ESSFwc4,5,C,15.2,1
Bl,ESSFwh1,2,B,16.06,1
Bl,ESSFwh1,3,B,17.965,4
Bl,ESSFwh1,4,B,19.12,1
Bl,ESSFwh1,4,D,19.31,1
Bl,ESSFwh1,5,D,22.485,2
Bl,ESSFwh2,3,C,23.6533333333333,3
Bl,ESSFwh2,4,C,20.36,3
Bl,ESSFwh2,5,C,20.21,2
Bl,ESSFwh3,2,B,12.455,2
Bl,ESSFwh3,2,C,30.8,2
Bl,ESSFwh3,3,B,19.8775,4
Bl,ESSFwh3,3,C,21.35,4
Bl,ESSFwh3,4,B,17.465,2
Bl,ESSFwh3,4,C,19.82,4
Bl,ESSFwh3,5,C,22.4266666666667,3
Bl,ESSFwh3,5,D,21.1,3
Bl,ESSFwk1,2,B,14.26,1
Bl,ESSFwk1,3,C,20.755,2
Bl,ESSFwk1,3,D,20.14,1
Bl,ESSFwk1,4,B,19.71,1
Bl,ESSFwk1,5,C,18.8433333333333,3
Bl,ESSFwk1,6,C,19.42,1
Bl,ESSFwk2,3,C,23.59,1
Bl,ESSFwk2,5,B,19.23,1
Bl,ESSFwk2,5,E,15.17,1
Bl,ESSFwk2,6,C,11.25,1
Bl,ESSFwm1,2,C,17.2166666666667,3
Bl,ESSFwm1,3,B,18.88,1
Bl,ESSFwm1,3,C,21.53,2
Bl,ESSFwm1,4,C,15.3766666666667,3
Bl,ESSFwm1,5,D,13.93,1
Bl,ESSFwm2,5,D,17.98,1
Bl,ESSFwm3,3,B,16.32,1
Bl,ESSFwm3,3,C,5.48,1
Bl,ESSFwm3,4,C,20.74,2
Bl,ESSFwm4,3,B,16.11,2
Bl,ESSFwm4,3,C,7.79,1
Bl,ESSFwm4,4,C,18.695,2
Bl,ESSFwm4,5,D,20.47,1
Bl,ESSFwv,3,C,21.22,2
Bl,ESSFwv,4,D,21.21,3
Bl,ESSFwv,5,C,17.9933333333333,3
Bl,ESSFwv,5,D,20.2566666666667,3
Bl,ESSFwv,7,D,13.015,2
Bl,ESSFxc,3,C,19.32,1
Bl,ESSFxc,5,D,18.19,1
Bl,ESSFxc1,2,C,16.75,1
Bl,ESSFxc1,3,C,12.4,1
Bl,ESSFxc1,4,C,15.205,4
Bl,ESSFxc1,4,D,14.09,1
Bl,ESSFxc1,5,C,15.74,1
Bl,ESSFxc1,5,D,14.21,2
Bl,ESSFxc1,6,C,10.11,1
Bl,ESSFxc2,1+,C,8.69,1
Bl,ESSFxc2,3,B,17.95,1
Bl,ESSFxc2,3,C,15.4,2
Bl,ESSFxc2,4,D,13.74,1
Bl,ESSFxc2,6,D,19.13,1
Bl,ESSFxc3,3,C,16.9,1
Bl,ESSFxc3,4,C,16.3266666666667,3
Bl,ESSFxv1,2,C,11.35,3
Bl,ESSFxv1,3,B,10.44,2
Bl,ESSFxv1,6,C,12.96,1
Bl,ESSFxv2,6,D,12.17,1
Bl,ICHdk,3,C,21.485,2
Bl,ICHdm,2,B,22.92,1
Bl,ICHdm,3,C,5.27,1
Bl,ICHdm,4,C,13.12,1
Bl,ICHdm,5,C,18.75,1
Bl,ICHdm,5,D,19.18,1
Bl,ICHdw1,3,C,17.655,2
Bl,ICHdw1,4,B,22.315,2
Bl,ICHdw1,4,C,18.18,2
Bl,ICHdw1,5,D,20.33,1
Bl,ICHmc1,1,A,13.43,1
Bl,ICHmc1,1,B,12.56,1
Bl,ICHmc1,3,B,20.5066666666667,3
Bl,ICHmc1,3,C,18.87,4
Bl,ICHmc1,4,B,17.66,1
Bl,ICHmc1,5,E,22.1,1
Bl,ICHmc1,6,D,19.705,2
Bl,ICHmc2,0,B,17.03,1
Bl,ICHmc2,1,B,16.04,3
Bl,ICHmc2,2,B,19.845,2
Bl,ICHmc2,2,C,29.83,1
Bl,ICHmc2,3,B,16.385,2
Bl,ICHmc2,3,C,19.595,2
Bl,ICHmc2,4,D,21.215,4
Bl,ICHmc2,5,C,22.08,2
Bl,ICHmc2,5,E,21.79,2
Bl,ICHmk1,3,C,20.665,2
Bl,ICHmk1,4,C,18.57,1
Bl,ICHmk1,5-,B,9.27,1
Bl,ICHmk3,2,B,16.09,2
Bl,ICHmk3,2,C,18.69,1
Bl,ICHmk3,3,C,20.48,1
Bl,ICHmk3,4,D,14.85,1
Bl,ICHmk4,3,B,19.01,1
Bl,ICHmk4,3,C,21.29,2
Bl,ICHmk4,4,D,17.47,2
Bl,ICHmk4,5,C,19.86,1
Bl,ICHmm,2,B,22.35,1
Bl,ICHmm,3,C,20.86,1
Bl,ICHmw1,3,C,20.84,2
Bl,ICHmw2,2,B,18.83,1
Bl,ICHmw2,3,C,26.88,1
Bl,ICHmw2,4,C,21.86,1
Bl,ICHmw2,5,C,20.17,1
Bl,ICHmw2,5,D,15.705,2
Bl,ICHmw3,3,C,21.94,2
Bl,ICHmw4,3,C,24.58,1
Bl,ICHmw4,4,C,23.64,1
Bl,ICHmw4,4,D,19.49,1
Bl,ICHmw4,5,C,21.3875,4
Bl,ICHmw4,5,D,20.22,1
Bl,ICHmw5,3,B,21.2966666666667,3
Bl,ICHmw5,4,B,19.8666666666667,3
Bl,ICHmw5,4,D,22.52,2
Bl,ICHmw5,5,D,24.45,1
Bl,ICHmw5,6,D,12.72,1
Bl,ICHvc,2,B,22.13,1
Bl,ICHvc,2,C,19.18,1
Bl,ICHvc,3,B,20.105,2
Bl,ICHvc,3,C,21.15,4
Bl,ICHvc,4,D,20.94,2
Bl,ICHvc,5,D,20.32,1
Bl,ICHvc,7,D,12.37,1
Bl,ICHwk1,3,,20.76,2
Bl,ICHwk2,4,D,18.14,1
Bl,ICHwk3,2,B,19.29,1
Bl,ICHwk3,3,B,18.68,1
Bl,ICHwk3,3,C,18.45,3
Bl,ICHwk3,5,B,16.35,1
Bl,ICHwk3,6,D,11.57,1
Bl,ICHwk3,6,E,20.13,1
Bl,ICHwk4,3,B,15.74,1
Bl,ICHwk4,4,C,22.76,1
Bl,IDFdk1,2,C,18.29,1
Bl,IDFdk1,3,B,19.88,1
Bl,IDFdk2,3,C,17.465,2
Bl,IDFdk2,4,C,22.7825,4
Bl,IDFdk2,5,C,21.41,2
Bl,IDFdk2,5,D,22.1,1
Bl,IDFdm2,3,C,19.51,1
Bl,IDFdm2,4,C,20.3,3
Bl,IDFmw1,5+,D,28.55,1
Bl,MSdc2,3,B,8.68,1
Bl,MSdc2,3,C,19.13,1
Bl,MSdc2,4,C,14.1,1
Bl,MSdk,3,C,16.7175,4
Bl,MSdk,3,D,17.33,2
Bl,MSdk,4,D,15.8533333333333,3
Bl,MSdk,5,C,20.58,1
Bl,MSdk,5,D,17.56,1
Bl,MSdm1,2,B,16.92,1
Bl,MSdm1,3,D,17.48,1
Bl,MSdm1,4,B,16.585,2
Bl,MSdm1,4,D,19.01,1
Bl,MSdm1,5,B,17.54,1
Bl,MSdm1,5,D,21.77,4
Bl,MSdm1,6,C,11.08,2
Bl,MSdm1,6,D,16.12,2
Bl,MSdm2,2,B,15.0833333333333,3
Bl,MSdm2,2,C,16.115,4
Bl,MSdm2,3,B,16.92,4
Bl,MSdm2,4,B,18.075,2
Bl,MSdm2,4-,B,11.39,1
Bl,MSdm2,5,C,21.42,1
Bl,MSdm2,5,D,19.4175,4
Bl,MSdm2,6,C,22.295,2
Bl,MSdm2,6,D,26.7,1
Bl,MSdv,4,C,15,2
Bl,MSdw,3,C,21.61,1
Bl,MSdw,4,C,15.25,2
Bl,MSdw,5,C,18.69,1
Bl,MSmw1,1,B,10.58,1
Bl,MSmw1,2,B,20.76,1
Bl,MSmw1,3,B,19.335,2
Bl,MSmw1,3,C,17.9966666666667,3
Bl,MSmw1,4,C,15.635,4
Bl,MSmw1,5,C,17.78,1
Bl,MSmw1,5,D,16.24,1
Bl,MSmw1,6,E,19.6,1
Bl,MSxk1,2,B,18.555,2
Bl,MSxk1,3,C,19.7375,4
Bl,MSxk1,5,B,17.36,3
Bl,MSxk1,5,C,20.8166666666667,3
Bl,MSxk1,5,E,23.45,1
Bl,MSxk1,5+,C,11.5,1
Bl,MSxk1,6,B,18.25,1
Bl,MSxk2,3,C,20.75,1
Bl,MSxk2,5,C,13.78,2
Bl,MSxk2,5,D,16.615,2
Bl,MSxk3,4,C,10.6,1
Bl,SBPSmk,4,C,17.97,1
Bl,SBPSmk,5,C,19.26,1
Bl,SBSdk,1,B,14,1
Bl,SBSdk,4,C,10.34,1
Bl,SBSdk,4,,20.12,2
Bl,SBSdw1,2,B,13.68,1
Bl,SBSdw1,3,B,18.83,3
Bl,SBSdw1,3,C,20.69,2
Bl,SBSdw1,3,D,20.06,1
Bl,SBSdw1,4,C,19.71,1
Bl,SBSdw2,4,C,18.88,1
Bl,SBSdw2,5,C,20.55,1
Bl,SBSdw3,3,C,16.55,3
Bl,SBSmc1,4,C,17.72,1
Bl,SBSmc2,2,B,15.68,3
Bl,SBSmc2,3,B,9.29,1
Bl,SBSmc2,3,C,15.6975,4
Bl,SBSmc2,3,D,16.23,1
Bl,SBSmc2,4,A,12.52,1
Bl,SBSmc2,4,B,18.56,2
Bl,SBSmc2,4,,17.1733333333333,3
Bl,SBSmc2,5,A,10.685,2
Bl,SBSmc2,5,B,12.465,2
Bl,SBSmc2,5,C,16.6633333333333,3
Bl,SBSmc2,5,E,15.585,2
Bl,SBSmc2,6,A,7.88,1
Bl,SBSmc2,6,E,14.26,1
Bl,SBSmc2,7,C,13.92,2
Bl,SBSmc2,7,D,16.9966666666667,3
Bl,SBSmc3,4,B,14.47,1
Bl,SBSmk1,3,B,17.355,2
Bl,SBSmk1,3,C,18.5725,4
Bl,SBSmk1,4,D,19.66,1
Bl,SBSmk1,5,B,11.98,1
Bl,SBSmk1,5,C,18.365,4
Bl,SBSmk1,6,C,7.69,1
Bl,SBSmw,1,B,13.59,1
Bl,SBSmw,2,C,14.81,2
Bl,SBSmw,3,C,18.59,4
Bl,SBSmw,5,C,21.065,2
Bl,SBSvk,3,B,20.75,1
Bl,SBSvk,3,C,20.52,1
Bl,SBSvk,4,D,25.28,1
Bl,SBSvk,5,C,23.45,1
Bl,SBSwk1,3,B,21.6566666666667,3
Bl,SBSwk1,3,C,17.73,3
Bl,SBSwk1,5,B,16.5,1
Bl,SBSwk2,3,C,21.19,1
Bl,SBSwk2,4,C,21.55,1
Bl,SBSwk3,1,A,19.36,1
Bl,SBSwk3,1,B,14.215,2
Bl,SBSwk3,2,B,16.385,4
Bl,SBSwk3,2,C,21.99,2
Bl,SBSwk3,3,B,18.53,1
Bl,SBSwk3,4,B,12.11,1
Bl,SBSwk3,4,D,15.09,3
Bl,SBSwk3,4,,13.27,2
Bl,SBSwk3,5,B,11.02,1
Bl,SBSwk3,5,C,14.4966666666667,3
Bl,SBSwk3,6,C,16.67,2
Bl,SBSwk3,6,,10.63,1
Cw,CWHvh2,2,D,27.48,1
Cw,CWHvh2,3,D,22.3333333333333,3
Cw,CWHvh2,3,E,21.27,1
Cw,CWHvh2,4,B,23.23,1
Cw,CWHvh2,4,C,20.9266666666667,3
Cw,CWHvh2,4,D,24.335,2
Cw,CWHvh2,4,E,23.59,1
Cw,CWHvh2,6,D,19.245,4
Cw,CWHvh2,6,E,21.27,1
Cw,CWHvh2,7,C,19.91,1
Cw,CWHvh2,7,D,15.5,1
Cw,CWHvm1,3,C,16.69,2
Cw,CWHvm1,3,D,22.045,2
Cw,CWHvm1,4,D,22.98,1
Cw,CWHvm1,4,E,19.8,1
Cw,CWHvm1,5,E,21.99,1
Cw,CWHvm1,7,C,16.85,1
Cw,CWHvm1,7,D,16.75,1
Cw,CWHvm2,1,B,17.81,1
Cw,CWHvm2,3,C,25.51,1
Cw,CWHvm2,4,C,20.88,1
Cw,CWHvm2,5,D,23.71,1
Cw,CWHwh1,2,C,20.18,1
Cw,CWHwm,3,C,18.45,3
Cw,CWHwm,4,D,25.835,2
Cw,CWHwm,5,D,24.2975,4
Cw,CWHws1,0,B,7.84,1
Cw,CWHws1,1,B,15.02,1
Cw,CWHws1,2,B,16.8566666666667,3
Cw,CWHws1,3,B,14.96,1
Cw,CWHws1,3,D,20.09,1
Cw,CWHws1,4,B,19.4,1
Cw,CWHws1,4,C,17.905,4
Cw,CWHws1,7,C,20.3966666666667,3
Cw,CWHws1,7,D,23.78,2
Cw,CWHws1,7,E,15.97,2
Cw,ESSFdk1,2,C,19.95,1
Cw,ESSFmh,2,C,18.38,2
Cw,ESSFmh,4,C,15.32,2
Cw,ESSFmw1,2,B,17.14,1
Cw,ESSFmw1,3,B,15.61,1
Cw,ESSFmw1,3,C,15.44,2
Cw,ESSFmw1,3,D,18.25,1
Cw,ESSFmw1,4,C,15.18,1
Cw,ESSFwh1,3,C,16.43,1
Cw,ESSFwh2,4,C,16.83,1
Cw,ESSFwh3,3,C,18.495,2
Cw,ESSFwm4,3,B,18.83,1
Cw,ESSFwm4,4,C,15.835,2
Cw,ICHdm,2,B,16.65,1
Cw,ICHdm,4,C,12.765,2
Cw,ICHdm,5,D,16.52,1
Cw,ICHdw1,2,B,18.895,4
Cw,ICHdw1,4,B,14.74,4
Cw,ICHdw1,4,C,14.4966666666667,3
Cw,ICHdw4,3,C,22.135,2
Cw,ICHdw4,4,C,17.27,2
Cw,ICHmc2,1,B,16.58,1
Cw,ICHmc2,2,B,18.14,1
Cw,ICHmc2,2,C,19.37,1
Cw,ICHmc2,3,B,14.82,3
Cw,ICHmc2,4,D,18.7933333333333,3
Cw,ICHmc2,5,C,23.325,2
Cw,ICHmc2,5,E,21.125,2
Cw,ICHmc2,7,D,21.29,2
Cw,ICHmk1,3,C,17.4933333333333,3
Cw,ICHmk1,4,C,14.22,2
Cw,ICHmk1,4,D,23.17,1
Cw,ICHmk1,5,C,17.74,3
Cw,ICHmk1,5,D,15.85,1
Cw,ICHmk3,2,C,14.97,1
Cw,ICHmk3,3,C,13.445,2
Cw,ICHmk3,4,D,17.7,1
Cw,ICHmk4,4,C,18.245,2
Cw,ICHmk5,3,C,11.71,1
Cw,ICHmm,3,B,12.02,1
Cw,ICHmm,3,C,15.705,2
Cw,ICHmm,5,D,15.5933333333333,3
Cw,ICHmw2,3,C,22.14,1
Cw,ICHmw2,4,C,21.87,2
Cw,ICHmw2,6,C,14.5825,4
Cw,ICHmw2,6,D,19.7625,4
Cw,ICHmw3,3,C,14.4,2
Cw,ICHmw3,4,C,17.24,2
Cw,ICHmw3,5,D,19.715,2
Cw,ICHmw4,3,C,15.2175,4
Cw,ICHmw4,4,B,21.9075,4
Cw,ICHmw4,4,C,17.66,2
Cw,ICHmw4,5,C,15.33,1
Cw,ICHmw5,2,C,11.61,1
Cw,ICHmw5,4,D,15.93,1
Cw,ICHmw5,5,D,17.06,1
Cw,ICHvk2,4,C,17.1266666666667,3
Cw,ICHvk2,4,D,15.56,1
Cw,ICHvk2,5,C,15.32,1
Cw,ICHvk2,5,D,18.25,1
Cw,ICHwk1,3,B,21.19,4
Cw,ICHwk1,3,C,24.0075,4
Cw,ICHwk1,3,,13.1,1
Cw,ICHwk1,4,D,18.88,1
Cw,ICHwk1,6,C,19.5675,4
Cw,ICHwk2,4,B,15.33,1
Cw,ICHwk2,4,D,18.38,2
Cw,ICHwk2,5,C,18.28,1
Cw,ICHwk3,2,C,11.47,1
Cw,ICHwk3,3,C,16.9733333333333,3
Cw,ICHwk3,4,C,21.65,3
Cw,ICHwk3,5,C,12.765,2
Cw,ICHwk3,5,D,16.88,3
Cw,IDFmw1,4,B,12.85,1
Cw,IDFmw1,4,D,16.35,1
Cw,IDFmw2,3,B,19.3566666666667,3
Cw,IDFmw2,3,C,9.6375,4
Cw,MSdk,3,C,20.4,2
Cw,MSdk,4,C,18.61,1
Cw,MSdk,5,C,21.02,1
Cw,MSdm2,3,C,19.06,1
Cw,MSmw1,3,B,13.055,2
Cw,MSmw1,3,C,19.58,1
Cw,MSmw1,4,B,13.1,1
Cw,MSmw1,4,C,13.61,2
Cw,MSmw1,5,C,16.93,1
Cw,MSmw1,5,D,20.73,1
Dr,CWHdm,4,D,22.89,1
Dr,CWHdm,5,D,23.72,1
Dr,CWHds1,4,C,30.31,1
Dr,CWHds1,5,D,26.06,3
Dr,CWHds1,5,E,28.48,2
Dr,CWHds1,6,E,27.8933333333333,3
Dr,CWHvh1,3,D,27.34,1
Dr,CWHvh1,5,E,30.33,1
Dr,CWHvh1,6,D,31.87,1
Dr,CWHvm1,3,D,29.46,1
Dr,CWHvm1,6,E,31.63,1
Dr,CWHxm1,3,C,23.54,1
Dr,CWHxm1,3,D,24.25,1
Dr,CWHxm1,5,D,27.96,1
Dr,CWHxm1,6,D,30.3,1
Dr,CWHxm1,6,E,30.43,3
Ep,BWBSmk,3,C,18.3,2
Ep,BWBSmk,5,D,21.6,1
Ep,ESSFdc2,2,B,18.32,2
Ep,ESSFmh,5,D,18.91,1
Ep,ESSFwh3,3,B,24.94,1
Ep,ESSFwh3,3,C,20,1
Ep,ESSFwm1,4,D,14.63,1
Ep,ICHdw1,3,C,23.35,1
Ep,ICHdw4,2,B,16.66,3
Ep,ICHdw4,3,B,18.41,3
Ep,ICHdw4,5,C,20.355,2
Ep,ICHdw4,5,D,27.0433333333333,3
Ep,ICHmc2,3,B,24.09,1
Ep,ICHmc2,3,C,20.4,1
Ep,ICHmc2,4,C,19.475,2
Ep,ICHmk3,4,C,19.995,2
Ep,ICHmk3,5,C,22.64,1
Ep,ICHmk3,5,D,19.77,1
Ep,ICHmm,3,B,16.335,2
Ep,ICHmm,4,C,17.835,2
Ep,ICHmm,5,D,17.14,1
Ep,ICHmw3,3,C,15.68,2
Ep,ICHmw3,5,D,22.3633333333333,3
Ep,ICHmw4,3,C,15.5,1
Ep,ICHmw4,4,C,19.4,1
Ep,ICHmw5,2,,20.29,1
Ep,ICHmw5,3,C,17.28,1
Ep,ICHvk2,4,C,17.49,1
Ep,ICHvk2,5,C,19.35,1
Ep,ICHvk2,6,D,18.01,1
Ep,ICHwk1,3,,12.32,1
Ep,ICHwk2,4,B,16.14,1
Ep,ICHwk2,4,C,19.24,1
Ep,ICHwk3,2,C,18.17,1
Ep,ICHwk3,4,C,14.26,1
Ep,ICHwk3,4,D,19.28,1
Ep,ICHwk3,5,D,23.41,1
Ep,IDFdk3,5,D,20.11,1
Ep,IDFdm2,2,D,18.55,1
Ep,IDFdm2,3,B,19.24,1
Ep,IDFmw2,1,C,11.285,2
Ep,IDFmw2,2,B,11.33,2
Ep,IDFmw2,2,C,15.09,3
Ep,IDFmw2,3,C,19.66,3
Ep,IDFmw2,4,C,15.9533333333333,3
Ep,IDFmw2,4,D,16.3266666666667,3
Ep,IDFmw2,5,C,17.245,2
Ep,IDFmw2,5,D,19.4166666666667,3
Ep,MSdw,2,D,18.49,1
Ep,MSdw,5,C,21.48,1
Ep,MSmw1,3,B,15.68,1
Ep,MSmw1,4,B,12.32,1
Ep,MSmw1,5,D,23.62,1
Ep,SBSdh1,5,D,21.12,1
Ep,SBSdw1,2,B,12.7,1
Ep,SBSdw1,4,C,15.99,1
Ep,SBSdw1,5,D,20.91,1
Ep,SBSdw3,3,C,17.39,1
Ep,SBSdw3,5,C,21.92,1
Ep,SBSmc2,4,C,14.37,1
Ep,SBSmh,3,B,18.095,2
Ep,SBSmh,4,D,14.63,1
Ep,SBSmh,5,D,18.53,1
Ep,SBSmk1,2,B,14.54,1
Ep,SBSmk1,3,B,17.05,1
Ep,SBSmk1,4,C,16.4433333333333,3
Ep,SBSmk1,5,D,19.65,1
Ep,SBSwk1,3,C,19.4533333333333,3
Ep,SBSwk1,5,C,18.17,1
Ep,SBSwk2,3,C,16.22,1
Ep,SBSwk2,4,C,14.4766666666667,3
Fd,CDFmm,2,A,35.97,1
Fd,CDFmm,2,B,33.84,2
Fd,CDFmm,2,C,31.9666666666667,3
Fd,CDFmm,2,D,34.18,1
Fd,CDFmm,3,D,41.52,1
Fd,CDFmm,4,C,37.69,2
Fd,CDFmm,4,D,38.025,2
Fd,CDFmm,4,E,41.175,2
Fd,CWHdm,3,E,40.5766666666667,3
Fd,CWHdm,4,D,38.4933333333333,3
Fd,CWHdm,4,E,41.14,2
Fd,CWHdm,5,E,41.0566666666667,3
Fd,CWHds1,0,B,19.67,1
Fd,CWHds1,1,C,29.18,1
Fd,CWHds1,2,B,24.31,1
Fd,CWHds1,2,C,31.08,1
Fd,CWHds1,2,E,23.95,1
Fd,CWHds1,3,C,32.025,2
Fd,CWHds1,4,C,35.4733333333333,3
Fd,CWHds1,5,D,34.01,1
Fd,CWHmm1,1,C,31.35,2
Fd,CWHmm1,2,C,35,1
Fd,CWHmm1,2,D,36.165,2
Fd,CWHmm1,4,B,35.15,1
Fd,CWHmm1,4,D,38.605,2
Fd,CWHmm1,4,E,41.0333333333333,3
Fd,CWHmm1,5,E,42.05,1
Fd,CWHmm2,2,B,22.71,1
Fd,CWHmm2,2,C,26.0166666666667,3
Fd,CWHmm2,3,C,28.655,2
Fd,CWHmm2,3,D,30.21,1
Fd,CWHmm2,4,C,28.9733333333333,3
Fd,CWHmm2,4,D,33.22,1
Fd,CWHms1,3,C,34.81,1
Fd,CWHms1,3,D,33.34,1
Fd,CWHms1,3,E,34.365,2
Fd,CWHms1,5,E,35.605,2
Fd,CWHms2,4,C,37.5,1
Fd,CWHms2,4,D,45.55,1
Fd,CWHms2,6,B,30.33,1
Fd,CWHms2,6,D,36.59,1
Fd,CWHvh1,3,D,38.32,1
Fd,CWHvh1,5,E,36.42,1
Fd,CWHvh1,6,B,35,1
Fd,CWHvm1,2,A,37.045,2
Fd,CWHvm1,2,B,18.81,1
Fd,CWHvm1,2,E,37.16,1
Fd,CWHvm1,3,C,37.98,3
Fd,CWHvm1,4,C,35.6033333333333,3
Fd,CWHvm1,4,D,36.915,2
Fd,CWHvm1,4,E,38.05,2
Fd,CWHvm1,5,E,37.06,1
Fd,CWHvm1,6,A,26.89,1
Fd,CWHvm1,6,D,38.29,1
Fd,CWHvm2,1,B,30.26,1
Fd,CWHvm2,3,B,47.28,1
Fd,CWHvm2,6,C,28.67,1
Fd,CWHxm,3,C,33.405,2
Fd,CWHxm,4,C,32.88,1
Fd,CWHxm1,0,B,16.07,1
Fd,CWHxm1,2,A,22.84,1
Fd,CWHxm1,2,C,38.47,1
Fd,CWHxm1,3,A,28.79,1
Fd,CWHxm1,3,C,36.44,1
Fd,CWHxm1,5,C,37.26,1
Fd,CWHxm2,2,E,35.31,1
Fd,CWHxm2,3,B,30.93,2
Fd,CWHxm2,4,D,42.89,1
Fd,CWHxm2,5,E,40.405,2
Fd,ESSFdc1,3,C,23.87,2
Fd,ESSFdc1,5,D,23.32,1
Fd,ESSFdc2,2,B,20.42,1
Fd,ESSFdc2,2,C,16.5866666666667,3
Fd,ESSFdc2,3,C,18.8066666666667,3
Fd,ESSFdc2,4,B,15.9533333333333,3
Fd,ESSFdc2,4,C,16.88,1
Fd,ESSFdc2,5,B,21.48,1
Fd,ESSFdk1,3,C,19.3566666666667,3
Fd,ESSFdk1,4,D,17.03,1
Fd,ESSFdk1,5,C,21.17,1
Fd,ESSFdk2,3,C,19.09,1
Fd,ESSFdk2,4,C,20.37,1
Fd,ESSFdk2,4,D,18.8,2
Fd,ESSFmh,2,B,22.9166666666667,3
Fd,ESSFmh,2,C,24.015,2
Fd,ESSFmh,3,B,19.38,1
Fd,ESSFmh,3,C,24.18,2
Fd,ESSFmh,4,B,19.52,1
Fd,ESSFmh,5,C,26.26,1
Fd,ESSFmh,5,D,24.98,1
Fd,ESSFmm1,1,B,10.91,1
Fd,ESSFmm1,4,C,13.86,1
Fd,ESSFmm1,5,C,25.93,1
Fd,ESSFmw1,2,B,23.2125,4
Fd,ESSFmw1,2,C,18.2666666666667,3
Fd,ESSFmw1,3,B,17.9333333333333,3
Fd,ESSFmw1,3,D,27.61,1
Fd,ESSFmw1,5,C,25.98,1
Fd,ESSFmw1,5,D,25.23,2
Fd,ESSFmw2,3,C,23.53,1
Fd,ESSFwc4,4,C,14.13,1
Fd,ESSFwh1,2,B,12.65,1
Fd,ESSFwh1,3,C,17.74,2
Fd,ESSFwh1,4,C,20.49,1
Fd,ESSFwh1,4,D,18.07,1
Fd,ESSFwh2,3,C,18.3975,4
Fd,ESSFwh2,3-2,C,15.25,1
Fd,ESSFwh2,4,C,21.025,2
Fd,ESSFwh2,5,D,18.34,2
Fd,ESSFwh3,2,C,26.72,1
Fd,ESSFwh3,3,B,22.445,2
Fd,ESSFwh3,4,C,17.87,1
Fd,ESSFwh3,5,C,25.97,2
Fd,ESSFwk1,2,B,14.7,1
Fd,ESSFwk1,4,C,18.39,1
Fd,ESSFwm1,4,C,19.875,2
Fd,ESSFwm1,4,D,21.56,3
Fd,ESSFwm1,5,D,21.375,2
Fd,ESSFwm3,4,B,26.18,1
Fd,ESSFwm3,4,C,24.165,4
Fd,ESSFwm3,5,D,20.68,3
Fd,ESSFwm4,3,B,13.48,2
Fd,ESSFwm4,3,C,25.25,2
Fd,ESSFwm4,4,C,14.99,1
Fd,ESSFwm4,5,D,12.03,3
Fd,ESSFxc,3,C,17.75,1
Fd,ESSFxv2,2,C,22.66,1
Fd,ICHdk,3,B,25.5,1
Fd,ICHdk,5,C,24.255,2
Fd,ICHdm,2,C,12.19,1
Fd,ICHdm,3,B,15.27,1
Fd,ICHdm,3,C,23.265,2
Fd,ICHdm,5,B,19.61,1
Fd,ICHdm,5,D,26.6,1
Fd,ICHdw1,2,B,26.53,2
Fd,ICHdw1,3,B,17.07,1
Fd,ICHdw1,4,B,21.69,1
Fd,ICHdw1,4,D,29.42,1
Fd,ICHdw1,5,C,22.46,2
Fd,ICHdw1,5,D,27.6,1
Fd,ICHdw4,2,C,18.98,1
Fd,ICHdw4,4,B,22.14,1
Fd,ICHdw4,4,C,26.9733333333333,3
Fd,ICHdw4,4,D,31.47,1
Fd,ICHmk1,2,C,19.12,2
Fd,ICHmk1,5,C,25.315,4
Fd,ICHmk3,1,B,22.39,1
Fd,ICHmk3,1,C,14.7,1
Fd,ICHmk3,2,B,20.815,2
Fd,ICHmk3,2,C,22.275,2
Fd,ICHmk3,4,D,22.195,2
Fd,ICHmk3,5,C,22.46,3
Fd,ICHmk3,6,D,25.22,1
Fd,ICHmk4,3,B,18.56,1
Fd,ICHmk4,5,C,18.14,1
Fd,ICHmk4,5,D,18.31,2
Fd,ICHmk5,3,C,17.2,2
Fd,ICHmk5,3-2,C,18.76,1
Fd,ICHmk5,3-4,C,15.03,1
Fd,ICHmk5,5,D,26.71,3
Fd,ICHmm,2,B,17.8,1
Fd,ICHmm,4,B,21.11,1
Fd,ICHmw1,3,B,23.53,2
Fd,ICHmw1,3,C,21.84,2
Fd,ICHmw1,4,D,24.95,2
Fd,ICHmw2,1,C,19.84,1
Fd,ICHmw2,2,B,25.5533333333333,3
Fd,ICHmw2,2,C,22.68,1
Fd,ICHmw2,4,B,14.89,1
Fd,ICHmw2,4,C,10.88,1
Fd,ICHmw2,5,D,19.65,1
Fd,ICHmw3,4,C,25.36,1
Fd,ICHmw3,5,C,32.07,1
Fd,ICHmw4,3,B,19.91,1
Fd,ICHmw4,4,C,22.2066666666667,3
Fd,ICHmw4,5,C,22.3533333333333,3
Fd,ICHmw4,5,D,19.975,2
Fd,ICHmw5,2,,20.42,1
Fd,ICHmw5,3,B,18.7,2
Fd,ICHmw5,4,B,12.04,1
Fd,ICHmw5,4,D,24.31,3
Fd,ICHmw5,5,C,24.105,2
Fd,ICHmw5,5,D,19.6566666666667,3
Fd,ICHvk2,5,D,25.98,1
Fd,ICHwk1,2,B,26.47,3
Fd,ICHwk1,2,C,26.885,2
Fd,ICHwk1,3,B,29.18,1
Fd,ICHwk1,3,C,23.0833333333333,3
Fd,ICHwk1,3,,17.91,1
Fd,ICHwk1,4,C,25.39,1
Fd,ICHwk2,2,C,23.48,1
Fd,ICHwk2,3,B,24,2
Fd,ICHwk2,4,B,21.635,2
Fd,ICHwk2,4,D,21.44,2
Fd,ICHwk2,5,C,23.58,2
Fd,ICHwk3,2,B,13.14,1
Fd,ICHwk3,2,C,22.0166666666667,3
Fd,ICHwk3,2,D,17.61,1
Fd,ICHwk3,3,B,24.45,1
Fd,ICHwk3,3,D,21.34,1
Fd,ICHwk3,5,C,20.1,1
Fd,ICHwk4,2,B,25.38,1
Fd,ICHwk4,3,B,27.285,2
Fd,ICHwk4,4,D,26.6,1
Fd,ICHxw,3,C,22.71,1
Fd,ICHxw,4,C,21.27,1
Fd,ICHxw,4,D,23.47,1
Fd,IDFdk1,1,C,19.79,1
Fd,IDFdk1,2,B,12.3,2
Fd,IDFdk1,2,C,12.755,2
Fd,IDFdk1,3,B,16.66,4
Fd,IDFdk1,3,C,16.79,2
Fd,IDFdk1,4,B,18.535,2
Fd,IDFdk1,4,D,17.455,2
Fd,IDFdk1,5,B,24.71,1
Fd,IDFdk1,5,C,19.79,3
Fd,IDFdk1,5,D,19.86,2
Fd,IDFdk2,2,B,18.39,2
Fd,IDFdk2,2,C,13.27,2
Fd,IDFdk2,4,B,19.21,4
Fd,IDFdk2,4,D,24.31,1
Fd,IDFdk2,5,B,24.26,1
Fd,IDFdk3,1,C,10.37,1
Fd,IDFdk3,3,B,13.22,1
Fd,IDFdk3,4,D,18.03,1
Fd,IDFdk4,1,B,9.87666666666667,3
Fd,IDFdk4,1,C,11.5775,4
Fd,IDFdk4,2,B,10.9,2
Fd,IDFdk4,2,D,16.53,1
Fd,IDFdk4,3,B,9.54,1
Fd,IDFdk4,3,D,14.74,1
Fd,IDFdk4,5,C,16.73,1
Fd,IDFdk5,2-3,D,19.01,1
Fd,IDFdk5,3,B,16.51,1
Fd,IDFdk5,3,C+,18.37,1
Fd,IDFdk5,3,D,20.7825,4
Fd,IDFdk5,5,D,18.13,1
Fd,IDFdk5,5-4,C,16.8,2
Fd,IDFdm1,2,B,22.96,1
Fd,IDFdm1,2,C,19.43,1
Fd,IDFdm1,3,B,21.465,2
Fd,IDFdm1,3,C,17.5833333333333,3
Fd,IDFdm1,3,D,23.66,1
Fd,IDFdm1,3,,19.09,2
Fd,IDFdm1,4,D,20.37,1
Fd,IDFdm2,2,D,25.52,1
Fd,IDFdm2,3,B,24.31,1
Fd,IDFdm2,3,C,18.02,2
Fd,IDFdm2,3,D,24.93,1
Fd,IDFdm2,3-2,D,10.69,1
Fd,IDFdm2,4,C,22.62,2
Fd,IDFdm2,5,D,18.14,1
Fd,IDFmw1,2,C,17.055,4
Fd,IDFmw1,3,B,16.7,1
Fd,IDFmw1,4,B,18.3,1
Fd,IDFmw1,4,D,22.4166666666667,3
Fd,IDFmw1,5,D,24.68,1
Fd,IDFmw2,2,C,21.43,2
Fd,IDFxh1,2,B,18.12,1
Fd,IDFxh1,3,B,17.0766666666667,3
Fd,IDFxh1,4,B,16.98,2
Fd,IDFxh1,4,C+,25.27,1
Fd,IDFxh1,4,D,16.83,1
Fd,IDFxh1,4+,B+,14.17,1
Fd,IDFxh1,5,C,19.885,2
Fd,IDFxh2,1,B,9.14,2
Fd,IDFxh2,2,C,18.12,1
Fd,IDFxh2,2-,C,13.09,1
Fd,IDFxh2,3,B,21.76,1
Fd,IDFxh2,3,C,12.7,1
Fd,IDFxh2,3,D,16.69,1
Fd,IDFxh2,4,B,15.795,2
Fd,IDFxh2,4,C,13.075,4
Fd,IDFxh2,4+,B,15.3,1
Fd,IDFxh2,5,C,20.89,1
Fd,IDFxh2,6,D,16.51,1
Fd,IDFxm,2,D,12.69,1
Fd,IDFxm,3,B,10.8866666666667,3
Fd,IDFxm,3,D,14.99,1
Fd,IDFxm,4,D,18.41,2
Fd,IDFxm,5,C,20.3566666666667,3
Fd,IDFxm,5,D,22.1533333333333,3
Fd,IDFxw,3,C,12.62,1
Fd,IDFxw,4,D,19.02,2
Fd,MSdc2,3,C,12.72,1
Fd,MSdc2,5,C,17.29,1
Fd,MSdk,2,C,20.8533333333333,3
Fd,MSdk,2,D,18.695,2
Fd,MSdk,3,,17.09,1
Fd,MSdk,5,C,18.77,1
Fd,MSdm1,1,B,17.55,1
Fd,MSdm1,2,B,17.51,1
Fd,MSdm1,3,B,14.3966666666667,3
Fd,MSdm1,4,C,16.82,2
Fd,MSdm1,5,D,27.09,1
Fd,MSdm2,3,B,16.63,2
Fd,MSdm2,5,C,18.33,1
Fd,MSdm2,5,E,25.64,1
Fd,MSdw,2,D,12.5133333333333,3
Fd,MSdw,3,C,17.9425,4
Fd,MSdw,4,C,15.9,2
Fd,MSdw,5,C,22.0266666666667,3
Fd,MSmw1,2,B,19.8666666666667,3
Fd,MSmw1,3,B,16.185,2
Fd,MSmw1,4,B,17.5,2
Fd,MSmw1,5,C,25.055,2
Fd,MSmw1,5,D,23.155,2
Fd,MSxk1,1,B,14.8,3
Fd,MSxk1,2,B,14.62,4
Fd,MSxk1,3,C,17.29,2
Fd,MSxk1,4,B,17.7275,4
Fd,MSxk1,4,C,19.73,1
Fd,MSxk1,4,D,19.23,1
Fd,MSxk2,3,C,26.96,1
Fd,MSxk2,5,C,14.65,1
Fd,MSxk2,5,D,21.45,2
Fd,PPxh1,1+,A,14.18,1
Fd,PPxh1,3,B,11.53,1
Fd,PPxh2,4,C,14.54,1
Fd,SBPSmk,1,C,21.11,1
Fd,SBPSmk,3,C,18.36,1
Fd,SBPSmk,4,C,16.89,2
Fd,SBSdh1,2,B,19.56,2
Fd,SBSdh1,3,C,21.1566666666667,3
Fd,SBSdh1,4,D,23.71,1
Fd,SBSdk,2,B,20.41,1
Fd,SBSdk,2,D,17.615,2
Fd,SBSdk,3,C,17.1,2
Fd,SBSdk,3,D,20.48,1
Fd,SBSdk,4,B,16.2,1
Fd,SBSdk,5,C,22.57,1
Fd,SBSdk,5,D,22.28,1
Fd,SBSdw1,1,B,14.995,2
Fd,SBSdw1,2,B,18.6,1
Fd,SBSdw1,2,C,25.93,1
Fd,SBSdw1,2,D,14.41,1
Fd,SBSdw1,4,D,24.045,2
Fd,SBSdw1,5,C,24.56,1
Fd,SBSdw2,2,D,20.38,1
Fd,SBSdw2,3,B,17.8225,4
Fd,SBSdw2,3,D,21.05,1
Fd,SBSdw2,5,C,19.87,1
Fd,SBSdw2,5,D,16.61,1
Fd,SBSdw3,2,B,13.32,1
Fd,SBSdw3,2,C,14.88,1
Fd,SBSdw3,3,B,19.115,4
Fd,SBSdw3,5,C,19.105,2
Fd,SBSdw3,5,E,19.79,1
Fd,SBSdw3,6,C,21.35,2
Fd,SBSmc1,4,C,19.02,1
Fd,SBSmc1,5,C,22.75,1
Fd,SBSmc2,3,C,12.24,1
Fd,SBSmh,2,B,19.9166666666667,3
Fd,SBSmh,2,C,19.885,2
Fd,SBSmh,3,B,20.785,4
Fd,SBSmh,3,C,18.2733333333333,3
Fd,SBSmh,4,C,25.6475,4
Fd,SBSmh,4,D,28.14,2
Fd,SBSmk1,3,B,24.76,1
Fd,SBSmk1,3,C,19.9875,4
Fd,SBSmk1,4,B,20.66,1
Fd,SBSmk1,5,C,28.74,1
Fd,SBSmw,1,B,19.52,1
Fd,SBSmw,2,B,20.29,2
Fd,SBSmw,2,C,19.38,1
Fd,SBSmw,3,C,20.88,3
Fd,SBSmw,4,C,22.265,2
Fd,SBSwk1,2,C,18.61,3
Fd,SBSwk1,5,C,24.31,1
Fd,SBSwk1,5,D,23.02,1
Fd,SBSwk2,3,B,17.99,1
Fd,SBSwk3,2,B,17.4566666666667,3
Fd,SBSwk3,2,C,19.8125,4
HW,ICHwk2,4,C,15.08,1
Hw,CWHvh2,2,B,17.33,1
Hw,CWHvh2,2,D,32.54,1
Hw,CWHvh2,3,E,24.655,2
Hw,CWHvh2,4,B,19.2633333333333,3
Hw,CWHvh2,4,C,23.6333333333333,3
Hw,CWHvh2,4,E,30.34,1
Hw,CWHvh2,5,B,28.63,1
Hw,CWHvh2,6,D,27.37,3
Hw,CWHvh2,6,E,28.93,1
Hw,CWHvh2,7,C,27.21,1
Hw,CWHvm1,1,A,16.6,3
Hw,CWHvm1,2,A,16.15,1
Hw,CWHvm1,2,B,12.15,1
Hw,CWHvm1,2,C,16.1325,4
Hw,CWHvm1,3,D,30.145,2
Hw,CWHvm1,4,E,26.98,3
Hw,CWHvm1,5,D,25.2625,4
Hw,CWHvm1,7,C,23.4325,4
Hw,CWHvm1,7,D,18.47,1
Hw,CWHvm1,8,C,21.95,1
Hw,CWHvm2,4,C,27.76,1
Hw,CWHvm2,5,C,32.86,1
Hw,CWHvm2,5,D,20.35,1
Hw,CWHvm2,6,C,22.16,1
Hw,CWHvm2,6,D,24.77,1
Hw,CWHwm,3,B,15.28,1
Hw,CWHwm,3,C,17.52,4
Hw,CWHwm,4,D,23.59,1
Hw,CWHws1,0,A,20.94,1
Hw,CWHws1,0,B,15.535,2
Hw,CWHws1,1,B,18.69,2
Hw,CWHws1,2,C,18.84,1
Hw,CWHws1,3,B,22.75,2
Hw,CWHws1,3,C,25.89,2
Hw,CWHws1,3,D,23.14,1
Hw,CWHws1,4,C,21.49,3
Hw,CWHws1,4,D,25.67,4
Hw,CWHws1,5,E,26.08,1
Hw,CWHws1,7,C,13.6,1
Hw,CWHws1,7,E,30.93,1
Hw,CWHws2,0,B,12.765,2
Hw,CWHws2,3,C,15.0166666666667,3
Hw,CWHws2,4,C,19.9333333333333,3
Hw,CWHws2,4,D,21.0833333333333,3
Hw,CWHws2,5,D,20.53,1
Hw,CWHws2,6,E,20.28,1
Hw,ESSFdk2,3,C,19.28,1
Hw,ESSFmh,4,C,17.88,1
Hw,ESSFmw1,2,B,21.84,1
Hw,ESSFmw1,3,B,9.54,1
Hw,ESSFmw1,4,C,23.545,2
Hw,ESSFmw1,5,C,22.97,1
Hw,ESSFwh1,4,B,13.46,1
Hw,ESSFwh3,3,B,24.01,1
Hw,ESSFwh3,5,C,19.08,1
Hw,ICHdm,4,,11.67,1
Hw,ICHmc1,2,C,23.23,1
Hw,ICHmc1,3,B,20.805,4
Hw,ICHmc1,4,B,21.01,1
Hw,ICHmc1,4,D,22.65,2
Hw,ICHmc1,5,C,21.4,2
Hw,ICHmc1,6,D,20.0133333333333,3
Hw,ICHmc2,0,B,17.21,1
Hw,ICHmc2,1,B,19.41,1
Hw,ICHmc2,2,B,21.855,2
Hw,ICHmc2,4,D,18.74,4
Hw,ICHmc2,5,E,23.46,1
Hw,ICHmm,3,B,21.2566666666667,3
Hw,ICHmm,3,C,17.695,4
Hw,ICHmm,4,B,18.59,1
Hw,ICHmm,4,C,21.1725,4
Hw,ICHmm,5,D,17.655,2
Hw,ICHmw1,4,D,13.57,2
Hw,ICHmw2,2,B,19.51,2
Hw,ICHmw2,2,C,15.535,2
Hw,ICHmw2,3,B,20.53,1
Hw,ICHmw2,4,C,19.315,4
Hw,ICHmw2,5,C,14.22,1
Hw,ICHmw3,4,C,18.61,4
Hw,ICHmw4,3,B,20.17,1
Hw,ICHmw4,3,C,16.87,2
Hw,ICHmw4,4,C,20.8866666666667,3
Hw,ICHmw4,5,C,18.01,1
Hw,ICHmw5,2,B,16.12,1
Hw,ICHmw5,4,C,19.3175,4
Hw,ICHvc,2,B,19.96,1
Hw,ICHvc,2,C,18.83,1
Hw,ICHvc,3,B,21.725,2
Hw,ICHvc,3,C,19.9075,4
Hw,ICHvc,4,D,22.455,2
Hw,ICHvk2,2,B,10.4,1
Hw,ICHvk2,5,D,22.97,1
Hw,ICHwk1,3,C,17.8366666666667,3
Hw,ICHwk1,3,,18.12,1
Hw,ICHwk2,3,C,16.825,4
Hw,ICHwk2,4,B,18.01,1
Hw,ICHwk2,4,D,18.91,1
Hw,ICHwk3,1,B,15.47,1
Hw,ICHwk3,2,B,40.33,1
Hw,ICHwk3,3,C,20.21,3
Hw,ICHwk3,4,D,15.19,1
Hw,ICHwk3,5,C,13.44,1
Hw,ICHwk3,5,D,13.845,2
Hw,IDFdk2,4,C,23.58,1
Hw,MSdk,3,C,21.16,1
Hw,MSdk,4,C,20.8766666666667,3
Hw,MSdk,5,C,24.78,1
Hw,MSdm2,2,D,19.49,1
Hw,MSdm2,3,C,17.69,1
Hw,MSmw1,2,B,13.57,1
Hw,MSmw1,3,B,15.73,1
Hw,MSmw1,3,C,16.26,1
Hw,MSmw1,4,B,18.12,1
Hw,MSmw1,4,C,15.55,1
Hw,MSmw1,5,C,11.55,1
Hw,MSmw1,5,D,18.9,1
Hw,MSxk1,5,C,11.67,1
Lt,IDFdm1,4,D,21.51,1
Lw,ESSFdc2,1,A,24.03,1
Lw,ESSFdc2,2,B,24.83,2
Lw,ESSFdc2,3,C,15.035,2
Lw,ESSFdc2,4,B,14.25,1
Lw,ESSFdk2,3,C,19.49,2
Lw,ESSFdk2,4,C,22.79,1
Lw,ESSFmh,2,B,20.1,1
Lw,ESSFmh,3,C,23.82,1
Lw,ESSFmh,3,D,19.24,1
Lw,ESSFmh,4,C,20.2,1
Lw,ESSFmh,4,D,19.76,1
Lw,ESSFwh1,4,D,23.21,1
Lw,ESSFwm4,3,C,16.91,1
Lw,ICHdw1,2,C,22.02,1
Lw,ICHdw1,3,B,26.06,1
Lw,ICHdw1,3,C,22.97,2
Lw,ICHdw1,4,B,24.35,1
Lw,ICHdw1,4,C,27.655,4
Lw,ICHdw1,4,,22.05,1
Lw,ICHdw4,3,B,25.37,1
Lw,ICHdw4,3,C,25.1275,4
Lw,ICHmk1,2,C,21.53,1
Lw,ICHmk1,3,C,18.7566666666667,3
Lw,ICHmk1,5,C,25.6466666666667,3
Lw,ICHmk1,5,D,21.555,2
Lw,ICHmk4,3,C,23.81,1
Lw,ICHmw2,2,B,24.1,1
Lw,ICHmw2,2,C,24.5,1
Lw,ICHmw2,3,C,23.445,2
Lw,ICHmw4,4,C,24.77,2
Lw,ICHmw5,2,B,19.46,1
Lw,ICHmw5,2,C,11.75,1
Lw,ICHmw5,3,B,19.21,1
Lw,ICHmw5,4,C,27.39,2
Lw,ICHmw5,4,D,24.535,2
Lw,ICHmw5,5,C,24.93,1
Lw,ICHmw5,5,D,26.43,1
Lw,ICHwk2,4,B,23.64,1
Lw,ICHxw,3,C,26.16,2
Lw,ICHxw,4,C,24.81,1
Lw,IDFdk2,3,C,20.905,2
Lw,IDFdm1,3,B,20.985,2
Lw,IDFdm1,3,,21.22,2
Lw,IDFdm2,5,D,20.41,1
Lw,IDFmw1,4,B,19.95,1
Lw,MSdk,3,D,18.23,2
Lw,MSdk,4,C,19.135,2
Lw,MSdk,4,D,19.19,4
Lw,MSdm1,2,B,19.63,1
Lw,MSdm1,3,B,17.27,1
Lw,MSdm1,3,C,15.4,1
Lw,MSdm1,4,B,16.64,1
Lw,MSdm1,4,C,19.495,2
Lw,MSdm2,2,C,22.05,1
Lw,MSdm2,3,B,19.76,1
Lw,MSdm2,5,C,11.75,1
Lw,MSdm2,5,D,19.24,1
Lw,MSdw,3,C,16.94,1
Lw,MSdw,4,C,15.105,2
Lw,MSdw,4,D,20.54,1
Lw,MSdw,5,C,26.36,1
Lw,MSdw,5,D,18.9,1
Lw,MSmw1,2,B,15.42,1
Lw,MSmw1,4,C,19.46,1
Lw,MSmw1,5,D,20.32,1
Lw,MSxk1,5,C,25.02,1
PL,IDFdk2,4,C,21.99,1
PL,MSdm2,4,C,18.06,1
Pa,ESSFmc,1,B,8.44,1
Pa,ESSFmk,6,C,7.67,1
Pa,ESSFxv1,2,B,8.44,1
Pa,ESSFxv1,2,C,7.67,1
Pa,ESSFxv1,3,C,8.07,1
Pl,BWBSmk,4,B,13.01,1
Pl,BWBSmk,5,B,16.98,1
Pl,BWBSmw,4,C,16.875,2
Pl,CWHws1,0,A,22.25,1
Pl,CWHws1,0,B,17.63,1
Pl,CWHws1,2,B,19.7375,4
Pl,CWHws1,2,C,24.03,1
Pl,CWHws1,3,C,23.24,1
Pl,CWHws1,4,C,23.8633333333333,3
Pl,ESSFdc1,1,B,15.5466666666667,3
Pl,ESSFdc1,2,C,14.86,1
Pl,ESSFdc1,3,B,15.93,3
Pl,ESSFdc1,4,B,15.95,4
Pl,ESSFdc1,4,D,20.16,2
Pl,ESSFdc1,5,C,23.2266666666667,3
Pl,ESSFdc1,5,D,20.565,2
Pl,ESSFdc1,6,C,20.29,1
Pl,ESSFdc1,6,D,15.19,1
Pl,ESSFdc2,1,B,9.51,2
Pl,ESSFdc2,1+,A,15.32,1
Pl,ESSFdc2,2,C,16.1766666666667,3
Pl,ESSFdc2,4,B,20.11,2
Pl,ESSFdc2,5,B,17.17,2
Pl,ESSFdc2,5,C,16.445,4
Pl,ESSFdc2,5,D,19.4275,4
Pl,ESSFdc2,6,C,17.76,3
Pl,ESSFdk1,5,C,17.51,4
Pl,ESSFdk1,5,D,19.7533333333333,3
Pl,ESSFdk2,3,B,15.41,2
Pl,ESSFdk2,3,D,16.2333333333333,3
Pl,ESSFdk2,4,D,19.6875,4
Pl,ESSFdk2,5,D,19.2,3
Pl,ESSFdk2,6,D,20.58,1
Pl,ESSFdv1,1,B,9.87,1
Pl,ESSFdv2,4,B,11.09,1
Pl,ESSFdv2,4,C,9.57,1
Pl,ESSFmc,1,A,10.9866666666667,3
Pl,ESSFmc,1,B,13.4333333333333,3
Pl,ESSFmc,1,C,16.12,2
Pl,ESSFmc,2,C,18.18,1
Pl,ESSFmc,4,B,15.825,2
Pl,ESSFmc,5,C,17.61,3
Pl,ESSFmc,6,A,11.92,1
Pl,ESSFmc,7,D,15.2566666666667,3
Pl,ESSFmh,1,A,16.67,1
Pl,ESSFmh,2,C,19.2,3
Pl,ESSFmh,3,D,20.99,1
Pl,ESSFmh,4,D,24.38,1
Pl,ESSFmh,5,D,20.46,4
Pl,ESSFmm1,1,B,9.08,1
Pl,ESSFmm1,3,C,14.29,1
Pl,ESSFmm1,4,C,15.18,1
Pl,ESSFmm1,6,D,14.68,1
Pl,ESSFmm3,3,B,15.42,1
Pl,ESSFmm3,4,C,15.8375,4
Pl,ESSFmv1,4,B,12.34,1
Pl,ESSFmv2,4,C,14.13,1
Pl,ESSFmv2,5,C,13.59,1
Pl,ESSFmv2,5,D,14.92,1
Pl,ESSFmv3,2,B,23.2,1
Pl,ESSFmv3,3,B,18.7833333333333,3
Pl,ESSFmv3,3,C,18.62,4
Pl,ESSFmv3,4,B,14.89,1
Pl,ESSFmv3,4,C,14.755,2
Pl,ESSFmv4,5,B,19.05,1
Pl,ESSFmw1,1,C,17.04,1
Pl,ESSFmw1,2,C,20.245,2
Pl,ESSFmw1,3,B,18.7025,4
Pl,ESSFmw1,3,D,27.98,1
Pl,ESSFmw1,5,E,16.42,1
Pl,ESSFmw2,4,C,16.15,1
Pl,ESSFvc,4,C,16.14,1
Pl,ESSFwc2,2,C,14.9,1
Pl,ESSFwc3,2,B,18.92,1
Pl,ESSFwc3,3,C,16.245,2
Pl,ESSFwc3,5,C,19.29,2
Pl,ESSFwc3,5,D,20.29,1
Pl,ESSFwc3,6,C,18.2,1
Pl,ESSFwc3,6,D,20.71,1
Pl,ESSFwc4,2,B,15.7266666666667,3
Pl,ESSFwc4,2,C,20.03,1
Pl,ESSFwc4,3,C,15.365,4
Pl,ESSFwc4,4,C,14.46,2
Pl,ESSFwc4,4,D,16.66,1
Pl,ESSFwc4,5,D,15.2,1
Pl,ESSFwh1,2,B,17.84,2
Pl,ESSFwh1,3,C,15.14,3
Pl,ESSFwh1,3,D,23.89,1
Pl,ESSFwh1,4,B,12.47,1
Pl,ESSFwh2,3,C,19.335,2
Pl,ESSFwh2,4,C,21.33,1
Pl,ESSFwh2,5,D,17.8966666666667,3
Pl,ESSFwh3,2,B,13.345,2
Pl,ESSFwh3,3,B,17.7666666666667,3
Pl,ESSFwh3,4,B,19.03,1
Pl,ESSFwh3,4,D,9.3,1
Pl,ESSFwh3,5,C,23.815,2
Pl,ESSFwh3,5,D,19.45,2
Pl,ESSFwk1,2,B,17.205,2
Pl,ESSFwk1,3,B,19.785,2
Pl,ESSFwk1,3,C,20.15,4
Pl,ESSFwk1,4,B,17.2,1
Pl,ESSFwk1,5,C,21.75,1
Pl,ESSFwk2,2,C,13.71,1
Pl,ESSFwk2,4,C,16.14,1
Pl,ESSFwm1,2,B,19.79,1
Pl,ESSFwm1,2,C,13.71,1
Pl,ESSFwm1,3,B,19.7666666666667,3
Pl,ESSFwm1,3,C,19.985,4
Pl,ESSFwm1,4,D,20.65,1
Pl,ESSFwm1,5,C,21.3,3
Pl,ESSFwm3,3,B,18.75,1
Pl,ESSFwm3,3,C,17.86,1
Pl,ESSFwm3,3,D,14.08,1
Pl,ESSFwm3,4,B,18.47,1
Pl,ESSFwm3,4,C,23.0375,4
Pl,ESSFwm4,5,D,11.005,2
Pl,ESSFwv,2,B,19.29,4
Pl,ESSFwv,3,C,18.1066666666667,3
Pl,ESSFwv,4,D,19.55,4
Pl,ESSFwv,5,C,16.1,2
Pl,ESSFwv,5,D,16.04,3
Pl,ESSFwv,5,E,15.08,1
Pl,ESSFwv,6,B,13.95,1
Pl,ESSFxc1,0+,B,6.49,1
Pl,ESSFxc1,1,B,19.14,1
Pl,ESSFxc1,2,B,11.33,1
Pl,ESSFxc1,2,C,19.55,1
Pl,ESSFxc1,3,B,12.325,2
Pl,ESSFxc1,4,B,11.25,1
Pl,ESSFxc1,4,C,17.0466666666667,3
Pl,ESSFxc1,5,A,15.37,1
Pl,ESSFxc1,5,C,19.62,1
Pl,ESSFxc1,5,D,20.71,1
Pl,ESSFxc1,5+,B,15.43,1
Pl,ESSFxc1,6,D,12.51,1
Pl,ESSFxc1,7,E,13.69,1
Pl,ESSFxc2,1,C,25.28,1
Pl,ESSFxc2,1+,C,10.47,1
Pl,ESSFxc2,2,B,13.735,2
Pl,ESSFxc2,3,B,17.2,1
Pl,ESSFxc2,3,C,17.58,1
Pl,ESSFxc2,4,D,15.99,1
Pl,ESSFxc2,5,D,19.99,2
Pl,ESSFxc2,6,D,17.215,2
Pl,ESSFxc3,3,C,12.9666666666667,3
Pl,ESSFxv1,2,B,11.59,1
Pl,ESSFxv1,2,C,10.7125,4
Pl,ESSFxv1,3,B,12.39,2
Pl,ESSFxv1,4,D,15.53,1
Pl,ESSFxv2,1,B,15.87,1
Pl,ESSFxv2,2,B,12.03,1
Pl,ESSFxv2,3,B,14.87,1
Pl,ESSFxv2,4,B,16.11,1
Pl,ICHdk,3,B,23.55,1
Pl,ICHdk,5,C,24.635,2
Pl,ICHdm,2,B,17.085,2
Pl,ICHdm,3,B,12.31,4
Pl,ICHdm,4,B,8.225,2
Pl,ICHdm,5,C,13.09,2
Pl,ICHdm,5,D,22.86,1
Pl,ICHdw1,3,B,22.59,1
Pl,ICHdw1,4,B,22.39,2
Pl,ICHdw1,5,C,17.3625,4
Pl,ICHdw1,5,D,14.65,1
Pl,ICHdw4,3,B,22.78,1
Pl,ICHdw4,3,C,23.1775,4
Pl,ICHdw4,4,C,27.8766666666667,3
Pl,ICHdw4,4,D,26.05,1
Pl,ICHmc1,2,C,20.165,2
Pl,ICHmc1,4,B,20.08,1
Pl,ICHmc1,5,C,22.57,1
Pl,ICHmc1,5,D,21.3575,4
Pl,ICHmc1,6,D,20.0675,4
Pl,ICHmc2,0,B,16.51,1
Pl,ICHmc2,1,B,14.08,1
Pl,ICHmc2,2,B,21.155,4
Pl,ICHmc2,2,C,22.39,1
Pl,ICHmc2,4,B,20.04,1
Pl,ICHmc2,5,D,25.805,2
Pl,ICHmk1,2,C,17.93,1
Pl,ICHmk1,3,B,15.81,1
Pl,ICHmk1,4,C,19.4075,4
Pl,ICHmk1,4,D,25.92,1
Pl,ICHmk1,5,C,22.9325,4
Pl,ICHmk2,4,B,15.78,1
Pl,ICHmk2,4,C,19.1,1
Pl,ICHmk2,6,D,19.62,1
Pl,ICHmk3,1,C,19.04,1
Pl,ICHmk3,2,B,16.72,1
Pl,ICHmk3,3,C,19.83,1
Pl,ICHmk3,4,D,22.51,1
Pl,ICHmk3,5,B,18.61,1
Pl,ICHmk3,5,C,21.7025,4
Pl,ICHmk3,5,D,21.7,4
Pl,ICHmk4,2,D,22.07,1
Pl,ICHmk4,4,D,22.67,1
Pl,ICHmk4,5,C,19.765,2
Pl,ICHmk4,5,D,20.29,1
Pl,ICHmk5,3,C,25.48,1
Pl,ICHmk5,3-2,C,19.05,1
Pl,ICHmk5,3-4,C,16.63,1
Pl,ICHmm,1,A,22.37,1
Pl,ICHmm,1,B,17.2,1
Pl,ICHmm,3,C,22.5866666666667,3
Pl,ICHmm,4,C,22.7025,4
Pl,ICHmw2,2,C,15.95,2
Pl,ICHmw2,3,B,17.04,2
Pl,ICHmw2,3,C,19.4233333333333,3
Pl,ICHmw2,4,B,15.4175,4
Pl,ICHmw2,5,D,14.0533333333333,3
Pl,ICHmw3,3,B,18.33,1
Pl,ICHmw3,4,C,23.17,1
Pl,ICHmw4,3,B,21.14,2
Pl,ICHmw4,3,C,20.3175,4
Pl,ICHmw4,5,C,21.5633333333333,3
Pl,ICHmw4,5,D,22.71,1
Pl,ICHmw5,1,A,14.59,1
Pl,ICHmw5,2,B,17.9833333333333,3
Pl,ICHmw5,2,,17.57,1
Pl,ICHmw5,3,B,21.75,1
Pl,ICHmw5,4,B,21.1866666666667,3
Pl,ICHmw5,4,D,25.2166666666667,3
Pl,ICHmw5,5,C,21.0933333333333,3
Pl,ICHvc,3,B,25.08,1
Pl,ICHvc,4,C,21.8,2
Pl,ICHwk1,2,B,22.49,1
Pl,ICHwk1,3,C,20.46,1
Pl,ICHwk2,2,B,21.92,1
Pl,ICHwk2,2,C,22.33,1
Pl,ICHwk2,3,B,18.12,1
Pl,ICHwk2,4,B,22.2333333333333,3
Pl,ICHwk2,4,D,22.82,1
Pl,ICHwk3,1,B,17.48,1
Pl,ICHwk3,2,C,22.9,1
Pl,ICHwk3,4,C,22.77,1
Pl,ICHwk4,2,B,22.9033333333333,3
Pl,ICHwk4,4,D,23.33,1
Pl,ICHxw,3,C,25.24,1
Pl,ICHxw,4,C,24.16,1
Pl,IDFdk1,1,B,14.89,2
Pl,IDFdk1,1,C,19.025,2
Pl,IDFdk1,2,B,13.5233333333333,3
Pl,IDFdk1,5,C,21.43,2
Pl,IDFdk1,5,D,19.8,2
Pl,IDFdk1,6,D,21,1
Pl,IDFdk2,2,B,14.59,1
Pl,IDFdk2,3,A,13.41,1
Pl,IDFdk2,4,B,19.555,2
Pl,IDFdk2,4,D,21.36,1
Pl,IDFdk2,4+,B,18.33,1
Pl,IDFdk2,5,B,16.66,1
Pl,IDFdk2,5,C,19.7,1
Pl,IDFdk2,5,D,18.22,1
Pl,IDFdk3,1,C,15.205,2
Pl,IDFdk3,3,B,19.34,1
Pl,IDFdk3,4,D,21.12,1
Pl,IDFdk3,5,D,22.57,1
Pl,IDFdk4,1,B,10.8,1
Pl,IDFdk4,3,A,12.21,1
Pl,IDFdk4,3,C,13.15,3
Pl,IDFdk4,5,C,14.17,1
Pl,IDFdk4,5,D,11.555,2
Pl,IDFdk5,2-3,D,12.71,1
Pl,IDFdk5,3,A,19.0225,4
Pl,IDFdk5,3,B,15.285,4
Pl,IDFdk5,3,C+,13.44,1
Pl,IDFdk5,5,C,21.0675,4
Pl,IDFdk5,5-4,C,19.97,2
Pl,IDFdm1,2,B,21.41,1
Pl,IDFdm1,3,B,20.29,1
Pl,IDFdm1,3,D,21.1,1
Pl,IDFdm1,3,,21,2
Pl,IDFdm1,4,C,23.11,1
Pl,IDFdm1,4,D,21.53,1
Pl,IDFdm2,2,D,19.87,1
Pl,IDFdm2,3,B,22.9933333333333,3
Pl,IDFdm2,3,C,20.57,3
Pl,IDFdm2,3,D,17.77,1
Pl,IDFdm2,4,C,20.52,4
Pl,IDFmw1,2,C,10.74,1
Pl,IDFmw1,4,D,21.21,1
Pl,IDFxm,3,B,13.96,2
Pl,IDFxm,3,C,16.96,1
Pl,MSdc1,4,D,23.65,1
Pl,MSdc2,3,B,11.26,1
Pl,MSdc2,3,C,15.39,4
Pl,MSdc2,3,D,11.99,1
Pl,MSdc2,4,C,14.11,2
Pl,MSdc2,4,D,15.35,2
Pl,MSdc2,5,C,10.83,1
Pl,MSdc2,5,D,19.45,2
Pl,MSdk,2,D,15.63,2
Pl,MSdk,3,D,15.975,4
Pl,MSdk,3,,17.12,2
Pl,MSdk,4,D,15.035,2
Pl,MSdm1,1,B,12.62,3
Pl,MSdm1,2,B,14.4966666666667,3
Pl,MSdm1,4,B,14.625,2
Pl,MSdm1,4,D,19.87,1
Pl,MSdm1,5,B,20.89,1
Pl,MSdm1,6,C,17.165,4
Pl,MSdm1,6,D,18.65,1
Pl,MSdm2,1,B,12.67,1
Pl,MSdm2,2,C,19.13,1
Pl,MSdm2,3,D,13.97,1
Pl,MSdm2,4,B,17.83,4
Pl,MSdm2,4,D,18.1366666666667,3
Pl,MSdm2,4-,B,15.53,1
Pl,MSdm2,5,B,20.71,1
Pl,MSdm2,5,E,27.36,1
Pl,MSdm2,5+,E,20.48,1
Pl,MSdm2,6,C,16.54,1
Pl,MSdm2,6,D,23.43,1
Pl,MSdv,2,B,12.81,1
Pl,MSdv,3,C,16.98,2
Pl,MSdv,4,C,15.295,4
Pl,MSdv,5,B,11.32,1
Pl,MSdv,5,D,16.03,1
Pl,MSdw,2,B,25.32,1
Pl,MSdw,2,C,21.17,4
Pl,MSdw,2,D,17.4466666666667,3
Pl,MSdw,3,B,20.615,2
Pl,MSmw1,1,B,13.19,1
Pl,MSmw1,2,B,17.2266666666667,3
Pl,MSmw1,3,B,17.66,1
Pl,MSmw1,3,C,20.8133333333333,3
Pl,MSmw1,4,C,19.4166666666667,3
Pl,MSmw1,5,C,23.86,1
Pl,MSmw1,5,D,21.435,2
Pl,MSxk1,1,A,10.37,1
Pl,MSxk1,1,B,12.52,2
Pl,MSxk1,3+,B,18.54,1
Pl,MSxk1,5,B,19.75,4
Pl,MSxk1,5,C,17.4975,4
Pl,MSxk1,5+,B,12.95,1
Pl,MSxk2,0,B,10.57,1
Pl,MSxk2,2,B,11.52,2
Pl,MSxk2,4,C,15.4966666666667,3
Pl,MSxk2,4+,B,18.43,1
Pl,MSxk2,4+,C,16.21,1
Pl,MSxk2,5,C,26.3133333333333,3
Pl,MSxk3,4,C,16.51,1
Pl,MSxv,1,B,15.065,2
Pl,MSxv,1,C,15.635,2
Pl,MSxv,2,B,12.7933333333333,3
Pl,MSxv,4,B,14.14,4
Pl,MSxv,5,B,15.3366666666667,3
Pl,MSxv,5,D,19.0666666666667,3
Pl,MSxv,6,C,15.855,2
Pl,SBPSdc,1,B,11.1433333333333,3
Pl,SBPSdc,1,C,14.72,1
Pl,SBPSdc,2,B,18.1933333333333,3
Pl,SBPSdc,2,C,15.64,3
Pl,SBPSdc,3,B,14.6475,4
Pl,SBPSdc,3,C,20.23,1
Pl,SBPSdc,4,B,20.81,1
Pl,SBPSdc,5,D,20.39,1
Pl,SBPSdc,7,D,14.16,1
Pl,SBPSmc,1,A,10.145,2
Pl,SBPSmc,3,B,20.51,1
Pl,SBPSmc,3,C,21.245,2
Pl,SBPSmc,4,B,18.79,1
Pl,SBPSmc,4,C,16.03,3
Pl,SBPSmc,5,D,15.35,3
Pl,SBPSmc,5,E,14.68,1
Pl,SBPSmc,6,D,19.01,2
Pl,SBPSmc,6,E,17.42,1
Pl,SBPSmk,2,B,15.78,1
Pl,SBPSmk,3,B,19.55,1
Pl,SBPSmk,4,B,20.2,1
Pl,SBPSmk,5,B,19.02,1
Pl,SBPSmk,5,C,19.165,2
Pl,SBPSmk,5,D,21.6075,4
Pl,SBPSxc,1,B,12.3833333333333,3
Pl,SBPSxc,1,C,16.92,1
Pl,SBPSxc,2,C,12.2,2
Pl,SBPSxc,3,B,10.7866666666667,3
Pl,SBPSxc,4,B,12.54,2
Pl,SBPSxc,5,D,14.05,2
Pl,SBPSxc,6,C,19.19,1
Pl,SBSdh1,2,A,11.12,1
Pl,SBSdh1,2,B,14.63,1
Pl,SBSdh1,4,C,16.84,1
Pl,SBSdk,1,A,11.74,1
Pl,SBSdk,1,B,19.96,3
Pl,SBSdk,1,,21,1
Pl,SBSdk,2,A,14.1,1
Pl,SBSdk,2,C,18.5525,4
Pl,SBSdk,3,B,20.41,4
Pl,SBSdk,3,a,21.29,1
Pl,SBSdk,4,B,15.49,1
Pl,SBSdk,4,C,22.765,2
Pl,SBSdk,4,D,16.98,1
Pl,SBSdk,5,C,22.91,1
Pl,SBSdk,5,E,23.535,2
Pl,SBSdk,6,B,16.115,2
Pl,SBSdk,6,C,18.085,2
Pl,SBSdk,6,D,18.0133333333333,3
Pl,SBSdk,6,E,23.99,3
Pl,SBSdk,7,B,12.935,2
Pl,SBSdk,7,C,17.255,4
Pl,SBSdw1,1,B,17.02,1
Pl,SBSdw1,2,B,23.88,1
Pl,SBSdw1,2,C,23.8,1
Pl,SBSdw1,3,B,22.7575,4
Pl,SBSdw1,3,D,20.78,1
Pl,SBSdw1,5,C,19.69,4
Pl,SBSdw2,1,B,10.11,1
Pl,SBSdw2,2,C,16.74,2
Pl,SBSdw2,3,B,20.4033333333333,3
Pl,SBSdw2,5,D,20.5,1
Pl,SBSdw2,6,D,21.3,1
Pl,SBSdw2,7,B,16.27,1
Pl,SBSdw3,3,B,18.1533333333333,3
Pl,SBSdw3,3,C,18.675,2
Pl,SBSdw3,6,D,22.49,1
Pl,SBSmc1,4,C,18,1
Pl,SBSmc2,1,A,17.96,2
Pl,SBSmc2,1,B,13.49,3
Pl,SBSmc2,2,B,14.195,2
Pl,SBSmc2,2,C,17.97,1
Pl,SBSmc2,3,B,17.03,2
Pl,SBSmc2,3,C,18.81,3
Pl,SBSmc2,4,B,13.4825,4
Pl,SBSmc2,5,B,15.575,2
Pl,SBSmc2,5,C,17.595,4
Pl,SBSmc2,5,E,18.65,1
Pl,SBSmc2,5,,19.255,2
Pl,SBSmc2,6,A,18.94,1
Pl,SBSmc2,6,C,16.48,3
Pl,SBSmc2,6,E,21.75,1
Pl,SBSmc2,7,B,9.16666666666667,3
Pl,SBSmc2,7,C,14.6775,4
Pl,SBSmc2,7,D,19.5833333333333,3
Pl,SBSmc2,7,E,21.2,1
Pl,SBSmc3,1,B,16.755,2
Pl,SBSmc3,2,A,12.66,1
Pl,SBSmc3,2,C,14.52,1
Pl,SBSmc3,3,C,18.4833333333333,3
Pl,SBSmc3,5,C,19.5666666666667,3
Pl,SBSmc3,5,D,18.0966666666667,3
Pl,SBSmk1,2,C,23.31,1
Pl,SBSmk1,3,C,18.9233333333333,3
Pl,SBSmk1,4,B,16.535,2
Pl,SBSmk1,4,D,19.805,2
Pl,SBSmk1,5,B,17.73,3
Pl,SBSmk1,5,E,23.93,1
Pl,SBSmk1,6,D,22.84,1
Pl,SBSmk1,6,E,22.56,1
Pl,SBSmk2,3,C,20.26,1
Pl,SBSmk2,4,C,24.41,1
Pl,SBSmw,1,C,23.13,1
Pl,SBSmw,2,C,22.77,1
Pl,SBSmw,3,B,16.06,1
Pl,SBSmw,3,C,20,3
Pl,SBSmw,4,D,22.41,1
Pl,SBSmw,5,D,22.885,2
Pl,SBSwk1,1,A,18.78,3
Pl,SBSwk1,1,B,16.8233333333333,3
Pl,SBSwk1,2,B,20.2133333333333,3
Pl,SBSwk1,3,B,20.1225,4
Pl,SBSwk1,3,C,21.5466666666667,3
Pl,SBSwk1,5,C,23.5666666666667,3
Pl,SBSwk1,5,D,17.73,1
Pl,SBSwk2,3,B,20.185,2
Pl,SBSwk2,3,C,23.0766666666667,3
Pl,SBSwk2,4,C,25.52,1
Pl,SBSwk2,4,D,21.595,2
Pl,SBSwk3,1,B,18.345,2
Pl,SBSwk3,4,D,22.31,1
Pl,SBSwk3,4,,18.7275,4
Pl,SBSwk3,5,B,13.745,2
Pl,SBSwk3,5,C,16.815,4
Pl,SBSwk3,5,D,20.835,2
Pl,SBSwk3,6,B,14.48,1
Pl,SBSwk3,6,C,14.1,3
Pl,SBSwk3,6,,15.175,2
Pl,SBSwk3,7,D,18.85,1
Pw,ESSFdc2,2,B,24.41,1
Pw,ICHdw1,4,C,27.81,2
Pw,ICHmw4,3,C,25.69,1
Pw,ICHmw4,4,C,25.2,1
Pw,ICHmw5,3,C,27.39,1
Pw,ICHwk1,3,C,28.88,1
Pw,MSmw1,3,B,22.76,1
Py,BGxh1,3,C,10.21,1
Py,BGxh2,3,C,11.23,3
Py,BGxw1,4,C,13.9,1
Py,ESSFdc2,4,B,9.86,1
Py,ESSFwm3,5,D,13.03,1
Py,ICHdm,2,B,15.61,1
Py,ICHdm,3,C,10.55,1
Py,ICHdm,4,C,15.96,1
Py,ICHdm,5,C,14.49,1
Py,ICHdw1,4,C,19.87,1
Py,ICHdw1,4,D,23.23,1
Py,ICHxw,2,D,18.01,1
Py,IDFdk2,2,B,20.31,1
Py,IDFdk2,2,C,14.71,1
Py,IDFdk3,3,C,18.72,1
Py,IDFdk3,4,D,12.04,1
Py,IDFdm1,1,C,11.09,1
Py,IDFdm1,2,C,16.975,2
Py,IDFdm1,2,D,18.2,1
Py,IDFdm1,3,C,14.03,1
Py,IDFdm1,3,D,18.44,1
Py,IDFdm1,5,C,18.49,1
Py,IDFdm1,5,D,23.73,1
Py,IDFdm2,2,C,14.39,2
Py,IDFdm2,3,C,13.41,1
Py,IDFdm2,3,D,10.46,1
Py,IDFdm2,4,C,15.97,1
Py,IDFdm2,4,D,14.16,1
Py,IDFdm2,5,D,19.2,1
Py,IDFmw1,2,C,14.02,1
Py,IDFmw1,4,C,20.17,1
Py,IDFxh1,0,B,9.07,1
Py,IDFxh1,1,C,12.16,1
Py,IDFxh1,2,B,15.435,2
Py,IDFxh1,2,C,13.1833333333333,3
Py,IDFxh1,2,D,16.59,1
Py,IDFxh1,3,B,19.25,1
Py,IDFxh1,3,C,17.5933333333333,3
Py,IDFxh1,3,D,21.17,1
Py,IDFxh1,3-,B,16.1,1
Py,IDFxh1,4,B,19.37,1
Py,IDFxh1,4,C,18.9875,4
Py,IDFxh1,4,D,15.155,2
Py,IDFxh1,4+,B+,14.27,1
Py,IDFxh1,5,D,21.74,3
Py,IDFxh2,1,B,7.87,1
Py,IDFxh2,2,B,11.2325,4
Py,IDFxh2,2,C,13.09,2
Py,IDFxh2,3,B,11.6,1
Py,IDFxh2,3,C,9.43,3
Py,IDFxh2,3,D,18,1
Py,IDFxh2,5,D,18.15,1
Py,IDFxw,2,D,14.61,1
Py,IDFxw,3,C,13.0633333333333,3
Py,IDFxw,4,D,17.45,2
Py,IDFxx2,2,C,9.14,1
Py,IDFxx2,3,C,10.62,1
Py,IDFxx2,3,D,11.4,1
Py,IDFxx2,4,C,12.3766666666667,3
Py,MSmw1,3,B,11.97,1
Py,MSmw1,3,C,7.91,1
Py,MSxk2,5,D,19.26,1
Py,PPxh1,1,B,12.5,1
Py,PPxh1,1,C,11.44,1
Py,PPxh1,3,B,8.68,1
Py,PPxh1,4,B,16.49,1
Py,PPxh2,1,C,8.57,1
Py,PPxh2,2,C,11.6366666666667,3
Py,PPxh2,3,C,10.1466666666667,3
Py,PPxh2,3,D,15.6,1
Py,PPxh2,4,C,10.56,3
Py,PPxh3,3,D,15.27,1
Py,PPxh3,4,D,16.77,1
SX,ICHmk3,5,D,19.78,1
SX,SBSdw1,4,C,21.81,1
Sb,BWBSdk,4,B,10.85,3
Sb,BWBSdk,6,A,5.92333333333333,3
Sb,BWBSdk,6,B,8.46,3
Sb,BWBSdk,6,C,11.1333333333333,3
Sb,BWBSmk,3,B,12.3433333333333,3
Sb,BWBSmk,4,C,14.605,4
Sb,BWBSmk,5,A,7.28333333333333,3
Sb,BWBSmk,6,C,11.3066666666667,3
Sb,BWBSmw,5,B,10.6833333333333,3
Sb,BWBSmw,5,C,10.9,2
Sb,BWBSmw,7,C,6.83333333333333,3
Sb,BWBSwk1,2,A,9.11,3
Sb,BWBSwk1,5,D,7.92333333333333,3
Sb,BWBSwk1,6,C,7.64333333333333,3
Sb,BWBSwk1,7,D,6.965,2
Sb,BWBSwk3,4,B,7.69,3
Sb,BWBSwk3,5,B,6.31,3
Sb,BWBSwk3,6,A,8.79666666666667,3
Sb,BWBSwk3,7,B,8.64,3
Sb,SBPSdc,7,C,14.43,1
Sb,SBPSdc,7,D,13.64,1
Sb,SBPSdc,8,C,10.78,1
Sb,SBSdk,2,A,7.61,3
Sb,SBSdk,4,D,11.1666666666667,3
Sb,SBSdw1,5,D,11.0166666666667,3
Sb,SBSdw3,3,C,19.77,1
Sb,SBSdw3,3,D,11.21,3
Sb,SBSdw3,4,C,14.63,1
Sb,SBSdw3,6,B,10.1866666666667,3
Sb,SBSdw3,7,C,7.06,3
Sb,SBSmc2,5,C,8.18,1
Sb,SBSmk1,4,C,12.4433333333333,3
Sb,SBSmk1,5,C,10.445,2
Sb,SBSmk1,6,B,12.6,3
Sb,SBSwk3,3,B,15.38,1
Sb,SBSwk3,4,B,13.77,2
Sb,SBSwk3,4,C,8.72,1
Sb,SBSwk3,4,,7.37,1
Sb,SBSwk3,5,B,12.44,1
Sb,SBSwk3,6,,15.38,1
Se,ESSFdc1,2,B,15.805,2
Se,ESSFdc1,3,B,13.915,2
Se,ESSFdc1,3,C,20.215,2
Se,ESSFdc1,4,D,16.77,1
Se,ESSFdc1,7,C,8.71,1
Se,ESSFdc2,1,A,10.48,1
Se,ESSFdc2,2,B,15.395,2
Se,ESSFdc2,2,C,16.085,2
Se,ESSFdc2,3,C,10.6275,4
Se,ESSFdc2,4,B,16.88,1
Se,ESSFdc2,5,B,14.75,2
Se,ESSFdc2,5,D,18.5675,4
Se,ESSFdc2,6,A,6.89,1
Se,ESSFdc2,6,C,14.3,2
Se,ESSFdc2,6,D,11.79,1
Se,ESSFdk2,2,B,16.99,1
Se,ESSFdk2,3,B,12.04,1
Se,ESSFdk2,3,C,17.49,2
Se,ESSFdk2,3,D,10.9575,4
Se,ESSFdk2,4,D,18.3666666666667,3
Se,ESSFdk2,5,C,15.94,1
Se,ESSFdk2,5,D,17.38,1
Se,ESSFdk2,6,D,20.4,1
Se,ESSFdv2,4,C,6.33,1
Se,ESSFdv2,5,C,9.3,1
Se,ESSFmc,6,D,13.36,1
Se,ESSFmh,1,B,20.46,1
Se,ESSFmh,3,B,14.49,1
Se,ESSFmh,3,C,13.27,2
Se,ESSFmh,5,D,21.5,2
Se,ESSFmh,6,D,11.88,1
Se,ESSFmw1,1,C,11.73,1
Se,ESSFmw1,2,B,17.46,3
Se,ESSFmw1,2,C,15.8033333333333,3
Se,ESSFmw1,3,C,11.4566666666667,3
Se,ESSFmw1,4,C,14.865,2
Se,ESSFmw1,5,C,19.605,2
Se,ESSFmw1,5,E,13.48,1
Se,ESSFmw1,6,D,16.68,1
Se,ESSFwc2,3,E,15.71,1
Se,ESSFwc2,5,D,17.43,1
Se,ESSFwc3,2,B,17.87,1
Se,ESSFwc3,2,C,21.04,2
Se,ESSFwc3,3,C,16.92,1
Se,ESSFwc3,4,C,17.79,2
Se,ESSFwc3,5,C,23.51,1
Se,ESSFwc3,6,C,21.13,1
Se,ESSFwc3,6,D,23.09,1
Se,ESSFwc4,2,C,23.42,1
Se,ESSFwc4,3,C,22.99,1
Se,ESSFwc4,4,B,19.55,1
Se,ESSFwc4,4,C,12.925,2
Se,ESSFwc4,4,D,15.98,1
Se,ESSFwh1,3,C,18.0233333333333,3
Se,ESSFwh1,4,C,19.3166666666667,3
Se,ESSFwh1,4,D,19.64,1
Se,ESSFwh1,5,D,27.32,1
Se,ESSFwh2,4,C,21.945,2
Se,ESSFwh2,5,D,21.475,2
Se,ESSFwh3,3,C,21.68,2
Se,ESSFwh3,4,C,17.6533333333333,3
Se,ESSFwk1,2,B,13.47,1
Se,ESSFwk1,3,C,21.99,2
Se,ESSFwk1,3,D,19.81,1
Se,ESSFwk1,4,C,21.19,1
Se,ESSFwk1,5,C,22.86,3
Se,ESSFwk1,6,C,22.99,1
Se,ESSFwk2,4,C,18.8,1
Se,ESSFwk2,5,C,25.13,1
Se,ESSFwk2,5,D,17.68,1
Se,ESSFwk2,5,E,18.74,1
Se,ESSFwm2,5,D,18.74,1
Se,ESSFwm3,3,C,7.46,1
Se,ESSFwm4,3,B,26.51,1
Se,ESSFwm4,4,C,15.31,1
Se,ESSFwm4,5,D,24.6,1
Se,ESSFwv,5,D,18.97,1
Se,ESSFwv,7,D,13.69,2
Se,ESSFxc,3,C,17.47,1
Se,ESSFxc,6,B,13.19,1
Se,ESSFxc1,3,C,11.86,1
Se,ESSFxc1,4,B,8.03,1
Se,ESSFxc1,4,C,17.96,4
Se,ESSFxc1,4,D,12.06,1
Se,ESSFxc1,5,A,15.73,1
Se,ESSFxc1,5,D,17.625,2
Se,ESSFxc1,5+,B,13.61,1
Se,ESSFxc1,7,E,11.7,1
Se,ESSFxc2,3,B,16.92,1
Se,ESSFxc2,4,C,15.5575,4
Se,ESSFxc2,5,C,12.985,2
Se,ESSFxc3,4,B,8.41,1
Se,ESSFxv1,4,C,8.17,1
Se,ESSFxv2,4,B,19.55,1
Se,ICHdm,3,C,20.42,1
Se,ICHdm,5,D,26.14,1
Se,ICHdw1,4,C,21.19,1
Se,ICHmc1,2,B,16.99,1
Se,ICHmc1,3,C,16.94,2
Se,ICHmk1,5,C,18.52,2
Se,ICHmk5,3,C,12.57,1
Se,ICHmm,5,D,14.78,1
Se,ICHmw1,3,C,18.63,2
Se,ICHmw2,2,B,21.21,1
Se,ICHmw2,5,C,22.17,1
Se,ICHmw2,5,D,21.69,1
Se,ICHmw3,3,C,21.7,3
Se,ICHmw3,4,,23.29,1
Se,ICHmw5,3,C,24.5133333333333,3
Se,ICHmw5,4,B,19.02,1
Se,ICHmw5,4,C,17.8,2
Se,ICHmw5,6,D,16.51,1
Se,ICHwk1,3,C,18.65,2
Se,IDFdk2,3,C,21.24,2
Se,IDFdk2,5,D,25.13,1
Se,MSdk,3,D,14.67,1
Se,MSdk,4,D,12.115,2
Se,MSdm1,3,C,17.19,2
Se,MSdm1,5,C,14.5,1
Se,MSdm1,6,C,10.79,1
Se,MSdm2,2,C,7.46,1
Se,MSdm2,6,C,15.25,1
Se,MSmw1,2,B,24.05,1
Se,MSmw1,3,B,17.605,2
Se,MSmw1,3,C,18.65,1
Se,MSmw1,4,C,16.505,2
Se,MSxk1,4,C,9.74,1
Se,MSxv,3,B,15.31,1
Se,SBSwk2,4,C,21.32,1
Se,SBSwk2,4,D,21.14,1
Ss,CWHvh2,2,B,15.54,1
Ss,CWHvh2,2,D,28.16,1
Ss,CWHvh2,3,B,35.27,4
Ss,CWHvh2,3,E,34.78,1
Ss,CWHvh2,4,B,26.62,1
Ss,CWHvh2,4,E,31.19,1
Ss,CWHvh2,5,B,27.47,1
Ss,CWHvh2,6,D,30.5433333333333,3
Ss,CWHvh2,6,E,37.32,1
Ss,CWHvh2,7,C,27.1,1
Ss,CWHvm1,3,B,22.78,1
Ss,CWHvm1,3,D,35.8866666666667,3
Ss,CWHvm1,3,E,31.18,1
Ss,CWHvm1,4,E,34.4033333333333,3
Ss,CWHvm1,6,B,14.42,1
Ss,CWHvm1,6,C,38.36,1
Ss,CWHvm1,6,E,41.01,1
Ss,CWHvm1,7,C,26.1,4
Ss,CWHvm1,7,D,25.25,2
Ss,CWHwh1,5,D,33.82,1
Ss,CWHwm,3,C,17.9566666666667,3
Ss,CWHwm,4,D,32.16,2
Ss,CWHws2,3,C,30.38,1
Ss,CWHws2,4,C,24.91,1
Ss,CWHws2,4,D,31.76,2
Ss,ESSFmv4,4,C,30.38,1
Ss,ICHmc2,3,D,24.94,1
Sw,BWBSmk,3,C,15.845,2
Sw,BWBSmk,5,B,14.23,1
Sw,BWBSmk,5,C,19.7425,4
Sw,BWBSmw,1,B,15.66,1
Sw,BWBSmw,2,B,20.39,1
Sw,BWBSmw,3,B,16.745,2
Sw,BWBSmw,4,B,15.74,2
Sw,BWBSmw,4,D,19.485,2
Sw,BWBSwk1,4,D,19.46,1
Sw,BWBSwk2,4,C,22.05,1
Sw,ESSFmc,7,D,13.75,1
Sw,ESSFmm1,4,C,22.88,1
Sw,ESSFmm1,5,C,21.9,1
Sw,SBSdh1,3,C,21.59,1
Sw,SBSdk,4,C,22.2,2
Sw,SBSdw3,3,C,15.5233333333333,3
Sw,SBSdw3,5,C,23.725,2
Sw,SBSdw3,5,D,22.49,2
Sw,SBSmc3,5,B,17.05,1
Sw,SBSmk1,4,C,17.87,2
Sw,SBSmk1,4,D,22.65,1
Sw,SBSmk1,6,D,18.02,1
Sw,SBSmk2,3,C,17.015,2
Sw,SBSmk2,4,D,22.25,1
Sw,SBSmk2,5,C,18.97,1
Sw,SBSvk,4,C,20.56,1
Sw,SBSvk,4,D,20.39,1
Sw,SBSwk1,3,B,15.32,1
Sw,SBSwk1,4,C,24.47,2
Sw,SBSwk1,5,C,26.1,1
Sw,SBSwk2,4,D,23.045,2
Sw,SBSwk2,4,,26.19,1
Sw,SBSwk2,6,D,16.08,1
Sw,SBSwk3,3,C,16.72,1
Sw,SBSwk3,5,C,15.53,1
Sx,CWHvh2,6,D,28.92,1
Sx,CWHwh1,6,D,27.47,1
Sx,CWHws1,2,B,22.72,1
Sx,CWHws1,2,C,23.67,1
Sx,CWHws1,3,B,18.155,2
Sx,CWHws1,3,D,27.47,1
Sx,CWHws1,4,B,23.39,1
Sx,CWHws1,4,C,26.4675,4
Sx,CWHws1,4,D,25.9133333333333,3
Sx,CWHws1,6,D,26.27,3
Sx,CWHws1,7,C,22.6766666666667,3
Sx,CWHws1,7,D,25.535,2
Sx,CWHws1,7,E,17.13,2
Sx,CWHws2,0,B,9.31,1
Sx,CWHws2,3,B,29.21,1
Sx,CWHws2,3,C,33.04,1
Sx,CWHws2,4,B,30.47,1
Sx,CWHws2,4,C,30.945,2
Sx,CWHws2,4,D,29.44,2
Sx,CWHws2,7,D,18.91,1
Sx,ESSFdc1,3,C,23.95,2
Sx,ESSFdc1,5,C,25.81,1
Sx,ESSFdc1,5,D,20.96,1
Sx,ESSFdc2,2,B,23.345,2
Sx,ESSFdc2,2,C,23.91,1
Sx,ESSFdc2,3,B,20.635,2
Sx,ESSFdc2,3,C,27.25,3
Sx,ESSFdc2,4,B,27.14,1
Sx,ESSFdc2,4,C,15.8075,4
Sx,ESSFdc2,5,C,20.07,1
Sx,ESSFdc2,6,C,18.6,1
Sx,ESSFdk1,2,C,21.39,1
Sx,ESSFdk1,3,B,22.175,2
Sx,ESSFdk1,3,C,22.155,4
Sx,ESSFdk1,4,D,26.5,1
Sx,ESSFdk1,5,C,18.425,2
Sx,ESSFdk1,5,D,22.9666666666667,3
Sx,ESSFdk2,3,,19.7,1
Sx,ESSFdk2,4,C,15.88,1
Sx,ESSFmc,0,A,16.02,1
Sx,ESSFmc,1,A,12.355,2
Sx,ESSFmc,4,B,10.24,1
Sx,ESSFmc,4,E,11.07,1
Sx,ESSFmc,6,D,17.44,4
Sx,ESSFmc,7,B,9.24,3
Sx,ESSFmc,7,E,20.825,2
Sx,ESSFmh,2,B,22.56,2
Sx,ESSFmh,2,C,22.865,2
Sx,ESSFmh,3,B,21.34,1
Sx,ESSFmh,4,B,15.81,1
Sx,ESSFmh,4,D,25.48,1
Sx,ESSFmh,5,C,21.83,1
Sx,ESSFmh,5,D,20.8625,4
Sx,ESSFmm1,2,C,20.43,1
Sx,ESSFmv4,5,B,10.76,1
Sx,ESSFmw1,2,B,26.13,2
Sx,ESSFmw1,2,C,20.845,2
Sx,ESSFmw1,3,B,21.6,4
Sx,ESSFmw1,3,D,26.965,2
Sx,ESSFmw1,4,D,25.18,1
Sx,ESSFmw1,5,C,23.4366666666667,3
Sx,ESSFmw1,5,D,22.78,1
Sx,ESSFvc,5,D,23.08,1
Sx,ESSFvc,6,C,18.04,1
Sx,ESSFwc3,4,C,24.36,2
Sx,ESSFwc4,3,B,13.42,2
Sx,ESSFwc4,3,C,16.315,2
Sx,ESSFwc4,5,D,21.34,1
Sx,ESSFwh1,3,B,14.445,2
Sx,ESSFwh1,3,C,20.94,1
Sx,ESSFwh1,3,D,22.04,1
Sx,ESSFwh1,4,D,14.77,2
Sx,ESSFwh2,3,C,20.94,1
Sx,ESSFwh2,3-2,C,20.4,1
Sx,ESSFwh2,4,C,21.13,1
Sx,ESSFwh2,5,D,18.35,1
Sx,ESSFwh3,2,B,11.6,1
Sx,ESSFwh3,4,B,19.91,1
Sx,ESSFwh3,4,C,22.53,1
Sx,ESSFwh3,5,C,24.34,3
Sx,ESSFwh3,5,D,23.5033333333333,3
Sx,ESSFwk1,2,B,9.41,1
Sx,ESSFwk1,3,C,20.84,1
Sx,ESSFwk1,4,B,22.56,1
Sx,ESSFwk1,4,C,17.37,4
Sx,ESSFwk2,4,C,13.04,1
Sx,ESSFwm1,2,B,24.15,1
Sx,ESSFwm1,2,C,15.54,3
Sx,ESSFwm1,3,B,16.91,2
Sx,ESSFwm1,3,C,20.62,3
Sx,ESSFwm1,4,B,21.39,1
Sx,ESSFwm1,4,C,19.01,3
Sx,ESSFwm1,4,D,19.85,3
Sx,ESSFwm1,5,C,22.5433333333333,3
Sx,ESSFwm3,2,C,21.59,1
Sx,ESSFwm3,3,B,20,1
Sx,ESSFwm3,3,C,19.555,2
Sx,ESSFwm3,3,D,11.27,1
Sx,ESSFwm3,4,B,26.99,1
Sx,ESSFwm3,4,C,21.8275,4
Sx,ESSFwm3,5,C,20.76,1
Sx,ESSFwm3,5,D,18.49,2
Sx,ESSFwm4,3,B,16.98,4
Sx,ESSFwm4,3,C,20.2366666666667,3
Sx,ESSFwm4,4,C,18.3066666666667,3
Sx,ESSFwm4,5,D,17.14,2
Sx,ESSFwv,5,C,19.38,1
Sx,ESSFxc1,1,B,18.69,1
Sx,ESSFxc2,1,C,28.72,1
Sx,ESSFxc2,4,C,24.15,1
Sx,ESSFxc2,5,D,24.615,2
Sx,ESSFxv2,4,C,15.02,1
Sx,ESSFxv2,5,D,19.5666666666667,3
Sx,ICHdk,3,B,24.86,1
Sx,ICHdk,3,C,21.6,3
Sx,ICHdk,5,C,24.04,1
Sx,ICHdm,3,B,15.155,2
Sx,ICHdm,3,C,25.67,1
Sx,ICHdm,4,B,14.785,2
Sx,ICHdm,5,C,19.63,2
Sx,ICHdw1,3,B,13.375,2
Sx,ICHdw1,3,C,19.5475,4
Sx,ICHdw1,4,B,19.4633333333333,3
Sx,ICHdw1,5,D,21.74,1
Sx,ICHdw4,3,C,30.41,1
Sx,ICHmc1,2,B,19.21,2
Sx,ICHmc1,3,C,22.01,1
Sx,ICHmc1,5,C,29.28,1
Sx,ICHmc1,5,E,19.84,1
Sx,ICHmc1,6,D,25.335,2
Sx,ICHmc2,0,B,20.93,1
Sx,ICHmc2,1,B,13.65,2
Sx,ICHmc2,2,B,17.3233333333333,3
Sx,ICHmc2,2,C,20.89,2
Sx,ICHmc2,6,E,23.45,4
Sx,ICHmc2,7,D,28.685,2
Sx,ICHmc2,7,E,23.22,1
Sx,ICHmk1,2,B,18.32,1
Sx,ICHmk1,3,C,22.075,2
Sx,ICHmk1,4,C,21.7875,4
Sx,ICHmk1,4,D,21.44,1
Sx,ICHmk1,5,C,21.83,1
Sx,ICHmk1,5,D,22.695,2
Sx,ICHmk2,4,B,15.79,1
Sx,ICHmk2,5,C+,16.52,1
Sx,ICHmk2,6,C,17.42,1
Sx,ICHmk3,1,B,19.36,1
Sx,ICHmk3,1,C,21.74,1
Sx,ICHmk3,2,B,17.97,1
Sx,ICHmk3,3,C,22.235,2
Sx,ICHmk3,4,D,18.9466666666667,3
Sx,ICHmk3,5,B,21.43,1
Sx,ICHmk3,6,D,27.28,1
Sx,ICHmk4,2,D,10.56,1
Sx,ICHmk4,3,B,21.64,1
Sx,ICHmk4,4,D,24.11,1
Sx,ICHmk4,5,C,17.9833333333333,3
Sx,ICHmk4,5,D,17.355,4
Sx,ICHmk5,3-4,C,13.32,1
Sx,ICHmk5,4,B,22.58,1
Sx,ICHmk5,4,C,20.335,2
Sx,ICHmk5,5,D,22.305,4
Sx,ICHmm,2,B,21.645,2
Sx,ICHmm,3,C,22.71,3
Sx,ICHmw1,4,D,21.04,2
Sx,ICHmw2,2,B,11.62,1
Sx,ICHmw2,2,C,17.04,3
Sx,ICHmw2,3,B,15.215,2
Sx,ICHmw2,4,B,16.4233333333333,3
Sx,ICHmw2,5,C,10.65,2
Sx,ICHmw2,5,D,14.06,2
Sx,ICHmw3,5,D,25.17,1
Sx,ICHmw4,2,C,23.4,1
Sx,ICHmw4,3,B,21.88,1
Sx,ICHmw4,3,C,20.115,4
Sx,ICHmw4,4,B,22.2,1
Sx,ICHmw5,3,B,21.4725,4
Sx,ICHmw5,4,B,23.31,3
Sx,ICHmw5,4,D,22.5,1
Sx,ICHmw5,5,C,25.055,2
Sx,ICHmw5,5,D,22.795,2
Sx,ICHvc,3,B,23.93,1
Sx,ICHvc,3,C,23.8066666666667,3
Sx,ICHvc,4,D,27.14,1
Sx,ICHvc,5,D,24.7333333333333,3
Sx,ICHvk2,5,C,25.06,1
Sx,ICHvk2,5,D,23.27,1
Sx,ICHwk1,4,C,26.58,2
Sx,ICHwk2,2,B,26.36,1
Sx,ICHwk2,4,B,16.86,1
Sx,ICHwk2,4,D,22.86,2
Sx,ICHwk2,6,E,19.71,1
Sx,ICHwk3,1,B,15.93,1
Sx,ICHwk3,2,B,10.28,1
Sx,ICHwk3,2,C,19.8,2
Sx,ICHwk3,3,B,17.55,1
Sx,ICHwk3,3,D,14.23,1
Sx,ICHwk3,4,D,21.47,2
Sx,ICHwk3,5,B,14.59,1
Sx,ICHwk3,5,C,21.685,4
Sx,ICHwk3,5,D,20.6875,4
Sx,ICHwk3,6,D,11.71,1
Sx,ICHwk3,6,E,16.89,1
Sx,ICHwk4,2,B,22.0733333333333,3
Sx,ICHwk4,2,C,25.88,1
Sx,ICHwk4,3,B,23.9225,4
Sx,ICHwk4,4,D,24.89,1
Sx,IDFdk1,2,B,18.035,2
Sx,IDFdk1,2,C,15.37,1
Sx,IDFdk1,3,C,21.66,4
Sx,IDFdk1,4,B,19.945,2
Sx,IDFdk1,5,B,26.23,1
Sx,IDFdk1,5,C,20.4966666666667,3
Sx,IDFdk1,5,D,21.17,4
Sx,IDFdk1,5,E,19.265,2
Sx,IDFdk1,6,D,19.51,1
Sx,IDFdk1,6,E,20.15,1
Sx,IDFdk2,3,C,22.865,2
Sx,IDFdk2,4,B,14.82,1
Sx,IDFdk2,4,D,25.67,1
Sx,IDFdk2,4-,B,21.02,1
Sx,IDFdk2,5,B,17.65,2
Sx,IDFdk2,5,C,16.03,4
Sx,IDFdk2,5,D,18.86,2
Sx,IDFdk2,6,D,22.98,1
Sx,IDFdk2,6,E,38.63,1
Sx,IDFdk2,7,C,20.86,1
Sx,IDFdk2,7,D,17.89,1
Sx,IDFdk3,4,D,22.69,1
Sx,IDFdk4,6,C,19.66,1
Sx,IDFdk4,6,E,18.86,1
Sx,IDFdk5,5-4,C,19.67,1
Sx,IDFdm1,3,B,23.1,1
Sx,IDFdm1,4,C,15.36,1
Sx,IDFdm1,4,D,24.43,1
Sx,IDFdm2,2,C,19.4,2
Sx,IDFdm2,2,D,19.305,2
Sx,IDFdm2,3,B,24.275,2
Sx,IDFdm2,3,D,19.31,1
Sx,IDFdm2,4,C,21.065,2
Sx,IDFdm2,5,D,21.59,1
Sx,IDFmw1,3,C,24.17,1
Sx,IDFmw1,4,C,13.19,1
Sx,IDFmw1,4,D,20.31,1
Sx,IDFxh1,5,C,16.61,1
Sx,IDFxh1,5,D,23.4,1
Sx,IDFxh1,5-,C,18.51,1
Sx,IDFxh1,7,D,14.82,1
Sx,IDFxh2,5,C,23,1
Sx,IDFxh2,5,E,22.5166666666667,3
Sx,IDFxh2,6,D,13.06,1
Sx,IDFxm,3,C,18.84,1
Sx,IDFxm,5,C,19.75,2
Sx,IDFxm,5,D,19.86,2
Sx,IDFxm,6,D,16.7033333333333,3
Sx,MSdc1,4,D,19.26,1
Sx,MSdc2,4,C,13.635,2
Sx,MSdc2,4,D,18.905,2
Sx,MSdc2,5,D,16.91,1
Sx,MSdk,2,B,31.8,1
Sx,MSdk,5,C,19.49,2
Sx,MSdm1,3,B,14.46,3
Sx,MSdm1,4,B,15.86,1
Sx,MSdm1,4,D,14.435,2
Sx,MSdm1,5,B,22.32,1
Sx,MSdm1,6,C,15.475,2
Sx,MSdm1,6,D,20.6866666666667,3
Sx,MSdm1,6,E,12.28,1
Sx,MSdm2,2,B,15.78,1
Sx,MSdm2,2,C,24.88,1
Sx,MSdm2,2,D,21.39,1
Sx,MSdm2,3,C,21.3166666666667,3
Sx,MSdm2,4,B,10.945,2
Sx,MSdm2,4,D,20.06,1
Sx,MSdm2,4-,B,10.63,1
Sx,MSdm2,5,C,19.025,2
Sx,MSdm2,5+,E,7.6,1
Sx,MSdm2,6,C,19.59,2
Sx,MSdm2,6,D,15.425,2
Sx,MSdm2,6,E,22.54,1
Sx,MSdv,3,C,15.97,2
Sx,MSdv,4,C,16.555,4
Sx,MSdv,5,B,8.14,1
Sx,MSdv,5,D,15.36,1
Sx,MSdv,7,C,11.09,2
Sx,MSdw,2,D,18.09,3
Sx,MSdw,3,B,21.075,2
Sx,MSdw,3,C,17.3775,4
Sx,MSdw,4,B,23.41,1
Sx,MSdw,4,C,22.5575,4
Sx,MSdw,4,D,17.98,1
Sx,MSdw,5,C,20.27,2
Sx,MSdw,5,D,19.785,2
Sx,MSmw1,2,B,21.04,1
Sx,MSmw1,3,C,17.775,2
Sx,MSmw1,5,C,19.445,2
Sx,MSmw1,5,D,20.355,4
Sx,MSxk1,2,B,20.41,2
Sx,MSxk1,3,C,20.39,1
Sx,MSxk1,4,D,21.33,1
Sx,MSxk1,5,C,21.375,4
Sx,MSxk1,5,D,19.6533333333333,3
Sx,MSxk1,5,E,22.97,1
Sx,MSxk1,5+,C,12.04,1
Sx,MSxk1,6,C,16.14,1
Sx,MSxk1,7,B,21.95,1
Sx,MSxk2,3,C,23.31,1
Sx,MSxk2,4+,B,12.59,1
Sx,MSxk2,5,C,23.93,4
Sx,MSxk2,5,D,18.36,1
Sx,MSxk2,6,D,10.37,1
Sx,MSxv,1,C,20.05,1
Sx,MSxv,3,C,19.61,2
Sx,MSxv,4,B,13.63,3
Sx,MSxv,5,B,17.69,2
Sx,MSxv,5,E,17.48,1
Sx,MSxv,6,C,14.6666666666667,3
Sx,MSxv,6,D,13.705,2
Sx,MSxv,6,E,15.395,2
Sx,SBPSdc,2,C,19.08,1
Sx,SBPSdc,3,C,13.25,1
Sx,SBPSdc,4,B,18.51,1
Sx,SBPSdc,6,C,20.4,1
Sx,SBPSdc,6,D,17.3133333333333,3
Sx,SBPSdc,7,C,16.14,3
Sx,SBPSdc,7,D,18.84,3
Sx,SBPSdc,8,C,15.96,1
Sx,SBPSmc,3,B,19.38,1
Sx,SBPSmc,3,C,21.35,1
Sx,SBPSmc,4,B,15.46,2
Sx,SBPSmc,4,C,18.7466666666667,3
Sx,SBPSmc,5,B,9.97,1
Sx,SBPSmc,5,C,11.14,1
Sx,SBPSmc,5,D,14.7266666666667,3
Sx,SBPSmc,5,E,11.97,1
Sx,SBPSmc,6,D,17.25,2
Sx,SBPSmc,6,E,16.3,1
Sx,SBPSmk,2,C,19.585,2
Sx,SBPSmk,3,B,15.95,1
Sx,SBPSmk,4,B,19.91,1
Sx,SBPSmk,5,B,21.09,1
Sx,SBPSmk,5,D,23.86,4
Sx,SBPSmk,6,E,25.72,1
Sx,SBPSmk,7,B,13.44,1
Sx,SBPSmk,7,C,10.365,2
Sx,SBPSmk,7,D,18.56,1
Sx,SBPSxc,4,D,16.93,1
Sx,SBPSxc,5,E,17.775,2
Sx,SBPSxc,6,C,16.155,2
Sx,SBPSxc,6,D,19.105,2
Sx,SBSdk,1,A,12.8066666666667,3
Sx,SBSdk,2,B,17.65,1
Sx,SBSdk,2,C,15.6266666666667,3
Sx,SBSdk,2,D,15.93,1
Sx,SBSdk,3,A,11.74,1
Sx,SBSdk,4,C,19.3,2
Sx,SBSdk,5,C,26.96,1
Sx,SBSdk,5,E,25.0666666666667,3
Sx,SBSdk,6,C,16.08,3
Sx,SBSdk,6,D,19.21,4
Sx,SBSdk,6,E,24.345,2
Sx,SBSdk,7,B,6.98,1
Sx,SBSdk,7,C,11.065,2
Sx,SBSdk,7,D,16.25,3
Sx,SBSdw1,2,B,21.4,1
Sx,SBSdw1,3,C,15.3033333333333,3
Sx,SBSdw1,5,C,18.57,3
Sx,SBSdw1,5,D,21.17,2
Sx,SBSdw1,6,C,15.18,1
Sx,SBSdw1,6,D,19.845,2
Sx,SBSdw2,2,C,23.94,1
Sx,SBSdw2,3,B,21.135,2
Sx,SBSdw2,3,D,19.2,1
Sx,SBSdw2,4,D,17.63,1
Sx,SBSdw2,5,C,19.8525,4
Sx,SBSdw2,5,D,17.5066666666667,3
Sx,SBSdw2,6,C,14.44,2
Sx,SBSdw2,6,D,23.2133333333333,3
Sx,SBSdw2,6,E,21.51,2
Sx,SBSdw2,7,B,16.75,1
Sx,SBSdw3,3,B,18.0775,4
Sx,SBSdw3,3,C,16.095,4
Sx,SBSdw3,4,B,18.93,1
Sx,SBSdw3,5,B,16.54,3
Sx,SBSmc1,4,C,17.12,1
Sx,SBSmc1,5,C,16.395,2
Sx,SBSmc2,1,B,22.84,1
Sx,SBSmc2,3,B,16.675,2
Sx,SBSmc2,3,C,20.2,1
Sx,SBSmc2,4,A,16.57,1
Sx,SBSmc2,4,B,13.85,4
Sx,SBSmc2,4,,18.9775,4
Sx,SBSmc2,5,A,17.34,2
Sx,SBSmc2,5,E,22.0833333333333,3
Sx,SBSmc2,5,,17.86,1
Sx,SBSmc2,6,E,20.405,2
Sx,SBSmc2,7,C,13.37,4
Sx,SBSmc2,7,D,18.83,3
Sx,SBSmc3,4,B,19.225,2
Sx,SBSmc3,5,C,20.415,4
Sx,SBSmc3,5,D,18.7333333333333,3
Sx,SBSmh,4,D,24.57,1
Sx,SBSmh,5,C,24.16,1
Sx,SBSmh,5,D,23.85,1
Sx,SBSmk1,2,A,12.6733333333333,3
Sx,SBSmk1,3,B,21.63,2
Sx,SBSmk1,4,D,20.58,1
Sx,SBSmk1,5,B,12.5366666666667,3
Sx,SBSmk1,6,C,21.06,3
Sx,SBSmk1,6,D,16.15,2
Sx,SBSmk1,7,B,20.55,1
Sx,SBSmk1,7,C,16,1
Sx,SBSmm,5,C+,24.94,1
Sx,SBSmw,1,B,15.81,1
Sx,SBSmw,1,C,20.51,1
Sx,SBSmw,2,A,23.83,1
Sx,SBSmw,2,B,12.7433333333333,3
Sx,SBSmw,2,C,19.5275,4
Sx,SBSmw,3,B,14.16,1
Sx,SBSmw,3,C,19.26,4
Sx,SBSmw,4,B,22.5,3
Sx,SBSmw,4,D,18.9,1
Sx,SBSmw,6,C,20.86,1
Sx,SBSmw,6,E,24.84,1
Sx,SBSvk,3,B,20.7925,4
Sx,SBSvk,3,C,20.9075,4
Sx,SBSvk,5,C,22.97,1
Sx,SBSwk1,1,B,19.46,1
Sx,SBSwk1,2,B,17.1066666666667,3
Sx,SBSwk1,2,C,20.0033333333333,3
Sx,SBSwk1,3,B,21.34,4
Sx,SBSwk1,5,B,21.44,4
Sx,SBSwk1,5,D,22.84,1
Sx,SBSwk1,5,E,22.42,1
Sx,SBSwk1,6,B,11.85,1
Sx,SBSwk1,6,C,18.21,1
Sx,SBSwk1,6,D,19.495,4
Sx,SBSwk1,6,E,23.2975,4
Sx,SBSwk3,1,B,7.63,1
Sx,SBSwk3,2,C,20.265,4
Sx,SBSwk3,3,C,17.5725,4
Sx,SBSwk3,4,D,19.74,2
Sx,SBSwk3,4,,17.51,3
Sx,SBSwk3,5,B,14.1666666666667,3
Sx,SBSwk3,5,C,19.4975,4
Sx,SBSwk3,6,B,15.8666666666667,3
Sx,SBSwk3,6,C,12.59,4
Sx,SBSwk3,6,D,22.275,2
Sx,SBSwk3,6,E,16.19,1
Sx,SBSwk3,6,,12.78,1
Sx,SBSwk3,7,D,21.43,1
Sxs,CWHws2,3,D,39.88,1
Yc,CWHvm2,6,C,22.4,1
sw,BWBSmw,5,D,25.5,1
