SS_NoSpace,TreeSpp,MeanPlotSiteIndex
BGxh1/04,Py,12
BGxh1/05,Py,15
BGxh1/06,Py,18
BGxh1/07,Py,21
BGxh2/03,Py,12
BGxh2/04,Py,12
BGxh2/07,Py,21
BGxw1/03,Py,12
BGxw1/05,Py,15
BWBSdk/101,At,12
BWBSdk/101,Bl,12
BWBSdk/101,Pl,15
CWHws1/08,Sx,32
BWBSdk/101,At,12
BWBSdk/101,Bl,12
BWBSdk/101,Pl,15
CWHws2/07,Sx,28
BWBSdk/102,Pl,12
CWHws2/07,Sx,28
BWBSdk/102,Pl,12
CWHws2/08,Sx,28
BWBSdk/103,At,12
BWBSdk/103,Pl,15
CWHws2/08,Sx,28
BWBSdk/103,At,12
BWBSdk/103,Pl,15
CWHws1/06,Sx,27.8242501
BWBSdk/104,At,12
BWBSdk/104,Pl,12
BWBSdk/104,Sb,9
CWHws1/07,Sx,26.77571433
BWBSdk/104,At,12
BWBSdk/104,Pl,12
BWBSdk/104,Sb,9
BWBSdk/110,Pl,15
ICHwk4/07,Sx,26.43875003
BWBSdk/110,Pl,15
ICHwk4/07,Sx,26.43875003
BWBSdk/111,Pl,15
CWHws1/04,Sx,26.34000015
BWBSdk/111,Pl,15
ESSFwk1/04,Sx,26.27111117
BWBSdk/112,Acb,18
ESSFwk1/04,Sx,26.27111117
BWBSdk/112,Acb,18
ICHdk/05,Sx,25.70125031
BWBSmk/101,At,15
BWBSmk/101,Pl,15
BWBSmk/101,Sb,9
ICHmc2/05,Sx,25.64857129
BWBSmk/101,At,15
BWBSmk/101,Pl,15
BWBSmk/101,Sb,9
ICHwk4/01,Sx,25.6187501
BWBSmk/102,Pl,12
ICHwk4/01,Sx,25.6187501
BWBSmk/102,Pl,12
ICHvc/01,Sx,25.10714286
BWBSmk/103,At,15
BWBSmk/103,Pl,15
ESSFwk1/05,Sx,25.05099983
BWBSmk/103,At,15
BWBSmk/103,Pl,15
ESSFwk1/05,Sx,25.05099983
BWBSmk/104a,Pl,12
BWBSmk/104a,Sb,9
ICHmk3/06,Sx,24.96571432
BWBSmk/104a,Pl,12
BWBSmk/104a,Sb,9
ICHwk4/06,Sx,24.95125008
BWBSmk/104b,Pl,9
BWBSmk/104b,Sb,6
ICHwk4/06,Sx,24.95125008
BWBSmk/104b,Pl,9
BWBSmk/104b,Sb,6
SBSdk/08,Sx,24.45636368
BWBSmk/110,At,18
BWBSmk/110,Pl,18
SBSdk/08,Sx,24.45636368
BWBSmk/110,At,18
BWBSmk/110,Pl,18
ICHmc1/04,Sx,24.43000003
BWBSmk/111,Pl,18
ICHwk4/05,Sx,24.32428578
BWBSmk/111,Pl,18
ICHwk4/05,Sx,24.32428578
BWBSmk/112,Acb,18
ICHmc2/06,Sx,24.31142862
BWBSmk/112,Acb,18
ICHwk2/07,Sx,24.13714273
BWBSmw/101,At,18
BWBSmw/101,Pl,18
CWHws1/01,Sx,24.00999997
BWBSmw/102,At,12
BWBSmw/102,Pl,12
CWHws1/05,Sx,24
BWBSmw/103,At,15
BWBSmw/103,Pl,18
CWHws2/04,Sx,24
BWBSmw/104,At,12
BWBSmw/104,Pl,15
BWBSmw/104,Sb,9
CWHws2/04,Sx,24
BWBSmw/110,At,18
BWBSmw/110,Pl,18
BWBSmw/110,Sb,15
CWHws2/06,Sx,24
BWBSmw/111,Acb,18
BWBSmw/111,At,18
BWBSmw/111,Pl,18
CWHws2/06,Sx,24
BWBSmw/112,Acb,21
ICHdw/03,Sx,24
BWBSwk1/101,At,15
BWBSwk1/101,Pl,15
ICHdw/04,Sx,24
BWBSwk1/102,Pl,12
ICHmc1/05,Sx,24
BWBSwk1/103,At,15
BWBSwk1/103,Pl,15
ICHmc1a/03,Sx,24
BWBSwk1/104,Pl,12
BWBSwk1/104,Sb,9
ICHmc2/54,Sx,24
BWBSwk1/110,Acb,15
BWBSwk1/110,At,15
BWBSwk1/110,Pl,18
ICHmw2/04,Sx,24
BWBSwk1/111,Sb,15
BWBSwk2/101,At,15
BWBSwk2/101,Pl,15
ICHmw2/05,Sx,24
BWBSwk2/102,Pl,12
ICHmw2/05,Sx,24
BWBSwk2/103,At,15
BWBSwk2/103,Pl,15
ICHmw2/06,Sx,24
BWBSwk2/104,Pl,12
BWBSwk2/104,Sb,9
ICHmw3/07,Sx,24
BWBSwk2/110,Acb,15
BWBSwk2/110,At,15
BWBSwk2/110,Pl,15
ICHmw3/07,Sx,24
BWBSwk2/111,At,15
BWBSwk2/111,Pl,15
ICHvk1/01,Sx,24
BWBSwk3/101,Pl,12
BWBSwk3/101,Sb,9
ICHvk1/01,Sx,24
BWBSwk3/102,Pl,9
BWBSwk3/102,Sb,9
BWBSwk3/103,Pl,9
BWBSwk3/103,Sb,9
BWBSwk3/110,Pl,12
ICHvk1/04,Sx,24
BWBSwk3/111,Sb,9
CDFmm/01,Bg,20
CDFmm/01,Cw,20
CDFmm/01,Fd,29.6608336
CDFmm/01,Pl,20
CDFmm/02,Fd,16
CDFmm/02,Pl,16
CDFmm/03,Fd,20
CDFmm/03,Pl,16
CDFmm/04,Bg,24
CDFmm/04,Cw,24
CDFmm/04,Fd,28
CDFmm/05,Cw,24
CDFmm/05,Fd,24
CDFmm/06,Bg,32
CDFmm/06,Cw,28
CDFmm/06,Fd,32
CDFmm/07,Bg,32
CDFmm/07,Cw,28
CDFmm/07,Fd,32
CDFmm/08,Bg,24
CDFmm/08,Cw,24
CDFmm/10,Cw,8
CDFmm/10,Pl,16
CDFmm/11,Cw,16
CDFmm/12,Bg,28
CDFmm/12,Cw,24
CDFmm/12,Fd,28
CDFmm/13,Bg,28
CDFmm/13,Cw,28
CDFmm/13,Fd,28
CDFmm/14,Bg,20
CDFmm/14,Cw,20
CWHdm/01,Cw,27.58333344
CWHdm/01,Fd,34.06666676
CWHdm/01,Hw,30.33846136
CWHdm/02,Fd,16
CWHdm/02,Pl,16
CWHdm/03,Cw,20
CWHdm/03,Fd,24
CWHdm/04,Cw,24
CWHdm/04,Fd,28
CWHdm/05,Cw,28
CWHdm/05,Fd,39.75636361
CWHdm/06,Cw,32
CWHdm/06,Fd,36
CWHdm/06,Hw,32
CWHdm/07,Bg,40
CWHdm/07,Cw,30.76363616
CWHdm/07,Fd,40.96444405
CWHdm/07,Hw,33.86272777
CWHdm/08,Bg,40
CWHdm/08,Cw,32
CWHdm/09,Bg,28
CWHdm/09,Cw,28
CWHdm/11,Cw,12
CWHdm/11,Pl,16
CWHdm/12,Cw,20
CWHdm/12,Hw,32
CWHdm/12,Ss,28
CWHdm/13,Bg,36
CWHdm/13,Cw,28
CWHdm/13,Fd,36
CWHdm/14,Bg,28
CWHdm/14,Cw,28
CWHdm/15,Cw,24
CWHds1/01,Cw,20
CWHds1/01,Fd,33.79375029
CWHds1/02,Fd,12
CWHds1/02,Pl,12
CWHds1/03,Cw,12
CWHds1/03,Fd,16
CWHds1/03,Pl,16
CWHds1/04,Cw,20
CWHds1/04,Fd,24
CWHds1/05,Cw,24
CWHds1/05,Fd,36
CWHds1/06,Cw,24
CWHds1/06,Fd,28
CWHds1/06,Hw,28
CWHds1/07,Bg,36
CWHds1/07,Cw,28
CWHds1/07,Dr,26.38875008
CWHds1/07,Fd,36
CWHds1/08,Bg,36
CWHds1/08,Cw,28
CWHds1/09,Bg,28
CWHds1/09,Cw,24
CWHds1/11,Cw,12
CWHds1/11,Pl,16
CWHds1/12,Cw,20
CWHds2/01,Cw,16
CWHds2/01,Fd,24
CWHds2/01,Hw,20
CWHds2/02,Pl,12
CWHds2/03,Cw,12
CWHds2/03,Fd,16
CWHds2/03,Pl,16
CWHds2/04,Cw,20
CWHds2/04,Fd,24
CWHds2/04,Pl,24
CWHds2/05,Cw,24
CWHds2/05,Fd,36
CWHds2/05,Ss,32
CWHds2/06,Cw,24
CWHds2/06,Fd,28
CWHds2/06,Hw,28
CWHds2/07,Cw,28
CWHds2/07,Fd,36
CWHds2/07,Ss,36
CWHds2/08,Cw,28
CWHds2/08,Ss,36
CWHds2/09,Cw,24
CWHds2/09,Ss,28
CWHds2/11,Cw,12
CWHds2/11,Pl,16
CWHds2/12,Cw,20
CWHds2/12,Ss,24
CWHmm1/01,Cw,24
CWHmm1/01,Fd,28
CWHmm1/01,Hw,24
CWHmm1/02,Fd,20
CWHmm1/02,Pl,20
CWHmm1/03,Cw,20
CWHmm1/03,Fd,32
CWHmm1/04,Cw,24
CWHmm1/04,Fd,36
CWHmm1/05,Cw,28
CWHmm1/05,Fd,40
CWHmm1/05,Hw,28
CWHmm1/06,Ba,28
CWHmm1/06,Cw,24
CWHmm1/06,Hw,24
CWHmm1/07,Ba,28
CWHmm1/07,Cw,28
CWHmm1/07,Fd,36
CWHmm1/08,Ba,28
CWHmm1/08,Cw,28
CWHmm1/09,Ba,24
CWHmm1/09,Cw,28
CWHmm1/11,Cw,12
CWHmm1/11,Pl,16
CWHmm1/12,Cw,20
CWHmm1/12,Hw,24
CWHmm1/12,Ss,24
CWHmm2/01,Ba,24
CWHmm2/01,Cw,24
CWHmm2/01,Fd,28
CWHmm2/01,Hw,24
CWHmm2/01,Yc,24
CWHmm2/02,Fd,16
CWHmm2/02,Pl,16
CWHmm2/03,Cw,20
CWHmm2/03,Fd,24
CWHmm2/03,Yc,20
CWHmm2/04,Cw,20
CWHmm2/04,Fd,24
CWHmm2/04,Yc,20
CWHmm2/05,Ba,28
CWHmm2/05,Cw,24
CWHmm2/05,Fd,28
CWHmm2/05,Hw,28
CWHmm2/05,Yc,24
CWHmm2/06,Ba,24
CWHmm2/06,Cw,20
CWHmm2/06,Hw,24
CWHmm2/06,Yc,20
CWHmm2/07,Cw,16
CWHmm2/07,Yc,16
CWHmm2/08,Ba,28
CWHmm2/08,Cw,24
CWHmm2/08,Fd,28
CWHmm2/08,Hw,24
CWHmm2/08,Yc,24
CWHmm2/09,Pl,16
CWHmm2/09,Yc,12
CWHmm2/10,Cw,16
CWHmm2/10,Hw,20
CWHmm2/10,Yc,16
CWHms1/01,Ba,16
CWHms1/01,Cw,20
CWHms1/01,Fd,24
CWHms1/01,Hw,20
CWHms1/02,Fd,12
CWHms1/02,Pl,12
CWHms1/03,Fd,16
CWHms1/04,Ba,16
CWHms1/04,Cw,20
CWHms1/04,Fd,28
CWHms1/04,Hw,24
CWHms1/04,Yc,20
CWHms1/05,Ba,20
CWHms1/05,Cw,20
CWHms1/05,Hw,24
CWHms1/05,Yc,20
CWHms1/06,Ba,24
CWHms1/06,Bg,28
CWHms1/06,Cw,24
CWHms1/06,Fd,28
CWHms1/06,Yc,24
CWHms1/07,Ba,24
CWHms1/07,Cw,24
CWHms1/08,Ba,20
CWHms1/08,Cw,20
CWHms1/10,Cw,12
CWHms1/10,Pl,12
CWHms1/11,Cw,20
CWHms1/11,Yc,20
CWHms2/01,Cw,20
CWHms2/01,Fd,24
CWHms2/01,Hw,20
CWHms2/02,Fd,12
CWHms2/02,Pl,12
CWHms2/03,Cw,16
CWHms2/03,Fd,16
CWHms2/03,Pl,16
CWHms2/04,Ba,16
CWHms2/04,Cw,20
CWHms2/04,Fd,28
CWHms2/04,Hw,20
CWHms2/04,Ss,24
CWHms2/05,Ba,20
CWHms2/05,Cw,16
CWHms2/05,Hw,24
CWHms2/06,Ba,28
CWHms2/06,Cw,24
CWHms2/06,Fd,28
CWHms2/06,Ss,28
CWHms2/07,Ba,28
CWHms2/07,Cw,24
CWHms2/07,Ss,28
CWHms2/08,Ba,20
CWHms2/08,Cw,20
CWHms2/10,Cw,12
CWHms2/10,Pl,12
CWHms2/11,Cw,20
CWHms2/11,Hw,20
CWHms2/11,Ss,20
CWHvh1/01,Ba,12
CWHvh1/01,Cw,16
CWHvh1/01,Hw,16
CWHvh1/01,Pl,16
CWHvh1/01,Ss,20
CWHvh1/02,Cw,8
CWHvh1/02,Pl,12
CWHvh1/02,Yc,8
CWHvh1/03,Cw,12
CWHvh1/03,Hw,12
CWHvh1/03,Pl,12
CWHvh1/04,Ba,24
CWHvh1/04,Cw,20
CWHvh1/04,Hw,24
CWHvh1/04,Ss,24
CWHvh1/05,Ba,28
CWHvh1/05,Cw,24
CWHvh1/05,Hw,28
CWHvh1/05,Ss,28
CWHvh1/06,Ba,24
CWHvh1/06,Cw,24
CWHvh1/06,Hw,24
CWHvh1/06,Ss,32
CWHvh1/07,Ba,28
CWHvh1/07,Cw,24
CWHvh1/07,Hw,28
CWHvh1/07,Ss,32
CWHvh1/08,Ba,28
CWHvh1/08,Cw,24
CWHvh1/08,Hw,28
CWHvh1/08,Ss,28
CWHvh1/09,Ba,24
CWHvh1/09,Cw,16
CWHvh1/09,Hw,20
CWHvh1/09,Ss,24
CWHvh1/11,Cw,12
CWHvh1/11,Hw,16
CWHvh1/11,Yc,8
CWHvh1/12,Cw,8
CWHvh1/12,Pl,8
CWHvh1/12,Yc,8
CWHvh1/13,Cw,16
CWHvh1/13,Hw,16
CWHvh1/13,Ss,20
CWHvh1/14,Cw,8
CWHvh1/14,Hw,12
CWHvh1/14,Pl,12
CWHvh1/14,Ss,12
CWHvh1/15,Cw,16
CWHvh1/15,Hw,20
CWHvh1/15,Ss,24
CWHvh1/16,Cw,12
CWHvh1/16,Hw,20
CWHvh1/16,Pl,20
CWHvh1/16,Ss,24
CWHvh1/17,Cw,12
CWHvh1/17,Hw,20
CWHvh1/17,Ss,28
CWHvh1/18,Cw,8
CWHvh1/18,Ss,12
CWHvh2/01,Ba,16
CWHvh2/01,Cw,19.7328573
CWHvh2/01,Hw,20
CWHvh2/01,Pl,20
CWHvh2/01,Ss,16
CWHvh2/01,Yc,16
CWHvh2/01,Ba,16
CWHvh2/01,Cw,19.7328573
CWHvh2/01,Hw,20
CWHvh2/01,Pl,20
CWHvh2/01,Ss,20
CWHvh2/01,Yc,16
CWHvh2/03,Cw,16
CWHvh2/03,Hw,16
CWHvh2/03,Pl,16
CWHvh2/03,Cw,16
CWHvh2/03,Hw,16
CWHvh2/03,Pl,16
CWHvh2/04,Ba,27.34090898
CWHvh2/04,Cw,22.84099989
CWHvh2/04,Hw,26.95000023
CWHvh2/04,Ss,31.55558147
CWHvh2/04,Ba,27.34090898
CWHvh2/04,Cw,22.84099989
CWHvh2/04,Hw,26.95000023
CWHvh2/04,Ss,31.55558147
CWHvh2/05,Ba,24
CWHvh2/05,Cw,24
CWHvh2/05,Hw,24
CWHvh2/05,Ss,28
CWHvh2/05,Ba,24
CWHvh2/05,Cw,24
CWHvh2/05,Hw,24
CWHvh2/05,Ss,28
CWHvh2/06,Ba,31.00133349
CWHvh2/06,Cw,24.16000042
CWHvh2/06,Hw,28.19277753
CWHvh2/06,Ss,32.87074033
CWHvh2/06,Ba,31.00133349
CWHvh2/06,Cw,24.16000042
CWHvh2/06,Hw,28.19277753
CWHvh2/06,Ss,32.87074033
CWHvh2/07,Ba,28
CWHvh2/07,Cw,22.04666636
CWHvh2/07,Hw,24.69555548
CWHvh2/07,Ss,30.44944424
CWHvh2/07,Ba,24
CWHvh2/07,Cw,22.04666636
CWHvh2/07,Hw,24.69555548
CWHvh2/07,Ss,30.44944424
CWHvh2/08,Ba,28
CWHvh2/08,Cw,24
CWHvh2/08,Hw,24
CWHvh2/08,Ss,32
CWHvh2/08,Ba,24
CWHvh2/08,Cw,24
CWHvh2/08,Hw,24
CWHvh2/08,Ss,32
CWHvh2/09,Hw,28
CWHvh2/09,Ss,32
CWHvh2/09,Hw,28
CWHvh2/09,Ss,32
CWHvh2/11,Cw,12
CWHvh2/11,Hw,16
CWHvh2/11,Pl,16
CWHvh2/11,Yc,12
CWHvh2/11,Cw,12
CWHvh2/11,Hw,16
CWHvh2/11,Pl,16
CWHvh2/11,Yc,8
CWHvh2/12,Cw,8
CWHvh2/12,Pl,12
CWHvh2/12,Yc,8
CWHvh2/12,Cw,8
CWHvh2/12,Pl,12
CWHvh2/12,Yc,8
CWHvh2/13,Cw,16
CWHvh2/13,Hw,16
CWHvh2/13,Ss,20
CWHvh2/13,Yc,16
CWHvh2/13,Cw,16
CWHvh2/13,Hw,16
CWHvh2/13,Ss,20
CWHvh2/13,Yc,16
CWHvh2/14,Cw,12
CWHvh2/14,Hw,12
CWHvh2/14,Ss,16
CWHvh2/14,Cw,12
CWHvh2/14,Hw,12
CWHvh2/14,Ss,16
CWHvh2/15,Cw,16
CWHvh2/15,Hw,16
CWHvh2/15,Ss,24
CWHvh2/15,Cw,16
CWHvh2/15,Hw,16
CWHvh2/15,Ss,24
CWHvh2/16,Cw,12
CWHvh2/16,Hw,12
CWHvh2/16,Ss,16
CWHvh2/16,Cw,12
CWHvh2/16,Hw,12
CWHvh2/16,Ss,16
CWHvh2/17,Cw,24
CWHvh2/17,Hw,24
CWHvh2/17,Ss,32
CWHvh2/17,Cw,24
CWHvh2/17,Hw,24
CWHvh2/17,Ss,32
CWHvh2/18,Cw,16
CWHvh2/18,Ss,20
CWHvh2/18,Cw,16
CWHvh2/18,Ss,20
CWHvh3/101a,Cw,20
CWHvh3/101a,Hw,20
CWHvh3/101a,Pl,20
CWHvh3/101a,Ss,16
CWHvh3/101a,Yc,16
CWHvh3/101b,Cw,16
CWHvh3/101b,Hw,16
CWHvh3/101b,Pl,16
CWHvh3/101b,Yc,16
CWHvh3/101c,Cw,16
CWHvh3/101c,Hw,16
CWHvh3/101c,Pl,16
CWHvh3/101c,Yc,16
CWHvh3/103,Cw,12
CWHvh3/103,Hw,12
CWHvh3/103,Ss,16
CWHvh3/104,Cw,16
CWHvh3/104,Hw,16
CWHvh3/104,Ss,20
CWHvh3/105,Cw,24
CWHvh3/105,Hw,28
CWHvh3/105,Ss,32
CWHvh3/106,Cw,24
CWHvh3/106,Hw,28
CWHvh3/106,Ss,32
CWHvh3/110,Cw,24
CWHvh3/110,Hw,28
CWHvh3/110,Ss,32
CWHvh3/111,Cw,24
CWHvh3/111,Hw,24
CWHvh3/111,Ss,32
CWHvh3/112,Cw,24
CWHvh3/112,Hw,28
CWHvh3/112,Ss,32
CWHvh3/114,Cw,24
CWHvh3/114,Hw,24
CWHvh3/114,Ss,32
CWHvh3/115,Cw,12
CWHvh3/115,Hw,12
CWHvh3/115,Pl,16
CWHvh3/115,Yc,12
CWHvh3/116,Cw,24
CWHvh3/116,Ss,20
CWHvh3/117,Cw,16
CWHvh3/117,Hw,16
CWHvh3/117,Ss,16
CWHvh3/117,Yc,16
CWHvm1/01,Ba,29.06490736
CWHvm1/01,Cw,22.60567645
CWHvm1/01,Fd,35.78333325
CWHvm1/01,Hw,27.65612757
CWHvm1/01,Ss,30.77448659
CWHvm1/01,Ba,29.06490736
CWHvm1/01,Cw,22.60567645
CWHvm1/01,Fd,35.78333325
CWHvm1/01,Hw,27.65612757
CWHvm1/01,Ss,30.77448659
CWHvm1/02,Cw,8
CWHvm1/02,Hw,8
CWHvm1/02,Pl,12
CWHvm1/02,Cw,8
CWHvm1/02,Fd,8
CWHvm1/02,Hw,8
CWHvm1/02,Pl,12
CWHvm1/03,Cw,16
CWHvm1/03,Hw,17.36437505
CWHvm1/03,Pl,16
CWHvm1/03,Cw,16
CWHvm1/03,Fd,32.20111105
CWHvm1/03,Hw,17.36437505
CWHvm1/03,Pl,16
CWHvm1/04,Ba,24
CWHvm1/04,Cw,22.51229992
CWHvm1/04,Hw,26.24957166
CWHvm1/04,Ss,24
CWHvm1/04,Ba,24
CWHvm1/04,Cw,22.51229992
CWHvm1/04,Fd,32
CWHvm1/04,Hw,26.24957166
CWHvm1/04,Ss,24
CWHvm1/05,Ba,30.87600002
CWHvm1/05,Cw,23.99162495
CWHvm1/05,Hw,28.55975008
CWHvm1/05,Ss,32.66226679
CWHvm1/05,Ba,30.87600002
CWHvm1/05,Cw,23.99162495
CWHvm1/05,Fd,36
CWHvm1/05,Hw,28.55975008
CWHvm1/05,Ss,32.66226679
CWHvm1/06,Ba,29.09142876
CWHvm1/06,Cw,23.28588899
CWHvm1/06,Hw,25.18514981
CWHvm1/06,Ss,28
CWHvm1/06,Ba,29.09142876
CWHvm1/06,Cw,23.28588899
CWHvm1/06,Hw,25.18514981
CWHvm1/06,Ss,24
CWHvm1/07,Hw,32.64461532
CWHvm1/07,Ba,28
CWHvm1/07,Cw,24
CWHvm1/07,Hw,32.64461532
CWHvm1/07,Ss,32
CWHvm1/08,Ba,28
CWHvm1/08,Cw,22.11500013
CWHvm1/08,Hw,26.32687497
CWHvm1/08,Ss,31.36703406
CWHvm1/08,Ba,28
CWHvm1/08,Cw,22.11500013
CWHvm1/08,Hw,26.32687497
CWHvm1/08,Ss,31.36703406
CWHvm1/09,Ba,28
CWHvm1/09,Cw,24
CWHvm1/09,Hw,28
CWHvm1/09,Ss,32
CWHvm1/09,Ba,28
CWHvm1/09,Cw,24
CWHvm1/09,Hw,28
CWHvm1/09,Ss,28
CWHvm1/10,Ba,28
CWHvm1/10,Cw,24
CWHvm1/10,Ss,32
CWHvm1/10,Ba,28
CWHvm1/10,Cw,24
CWHvm1/10,Ss,32
CWHvm1/12,Cw,12
CWHvm1/12,Hm,16
CWHvm1/12,Hw,16
CWHvm1/12,Pl,16
CWHvm1/12,Yc,12
CWHvm1/12,Cw,12
CWHvm1/12,Hm,16
CWHvm1/12,Hw,16
CWHvm1/12,Pl,16
CWHvm1/12,Yc,12
CWHvm1/13,Cw,8
CWHvm1/13,Pl,12
CWHvm1/13,Yc,8
CWHvm1/13,Cw,8
CWHvm1/13,Pl,12
CWHvm1/14,Cw,19.36384605
CWHvm1/14,Hw,20.95
CWHvm1/14,Ss,25.97249937
CWHvm1/14,Cw,19.36384605
CWHvm1/14,Hw,20.95
CWHvm1/14,Ss,25.97249937
CWHvm2/01,Ba,25.67874956
CWHvm2/01,Cw,20
CWHvm2/01,Hw,24
CWHvm2/01,Ss,20
CWHvm2/01,Yc,20
CWHvm2/01,Ba,25.67874956
CWHvm2/01,Cw,20
CWHvm2/01,Hw,28
CWHvm2/02,Cw,8
CWHvm2/02,Hw,8
CWHvm2/02,Pl,12
CWHvm2/02,Yc,8
CWHvm2/02,Cw,8
CWHvm2/02,Fd,8
CWHvm2/02,Hw,8
CWHvm2/02,Pl,12
CWHvm2/02,Yc,8
CWHvm2/03,Ba,16
CWHvm2/03,Cw,16
CWHvm2/03,Fd,24
CWHvm2/03,Hw,16
CWHvm2/03,Pl,20
CWHvm2/03,Yc,16
CWHvm2/03,Cw,16
CWHvm2/03,Fd,24
CWHvm2/03,Hw,16
CWHvm2/03,Pl,20
CWHvm2/03,Yc,16
CWHvm2/04,Ba,20
CWHvm2/04,Cw,20
CWHvm2/04,Hw,24
CWHvm2/04,Ss,24
CWHvm2/04,Yc,20
CWHvm2/04,Ba,20
CWHvm2/04,Cw,20
CWHvm2/04,Fd,24
CWHvm2/04,Hw,24
CWHvm2/04,Ss,24
CWHvm2/04,Yc,20
CWHvm2/05,Ba,28
CWHvm2/05,Cw,24
CWHvm2/05,Hw,28
CWHvm2/05,Ss,24
CWHvm2/05,Yc,24
CWHvm2/05,Ba,28
CWHvm2/05,Cw,24
CWHvm2/05,Hw,28
CWHvm2/05,Ss,24
CWHvm2/05,Yc,24
CWHvm2/06,Ba,24
CWHvm2/06,Cw,20
CWHvm2/06,Hw,24
CWHvm2/06,Ss,24
CWHvm2/06,Yc,20
CWHvm2/06,Ba,24
CWHvm2/06,Cw,20
CWHvm2/06,Hw,24
CWHvm2/06,Ss,24
CWHvm2/06,Yc,20
CWHvm2/07,Ba,28
CWHvm2/07,Cw,24
CWHvm2/07,Hw,28
CWHvm2/07,Ss,28
CWHvm2/07,Yc,24
CWHvm2/08,Ba,28
CWHvm2/08,Cw,24
CWHvm2/08,Hw,28
CWHvm2/08,Ss,28
CWHvm2/08,Yc,24
CWHvm2/08,Ba,28
CWHvm2/08,Cw,24
CWHvm2/08,Hw,28
CWHvm2/08,Ss,28
CWHvm2/08,Yc,24
CWHvm2/09,Cw,12
CWHvm2/09,Hm,12
CWHvm2/09,Hw,12
CWHvm2/09,Pl,12
CWHvm2/09,Yc,12
CWHvm2/09,Cw,12
CWHvm2/09,Hm,12
CWHvm2/09,Hw,12
CWHvm2/09,Pl,12
CWHvm2/09,Yc,12
CWHvm2/10,Pl,12
CWHvm2/10,Yc,8
CWHvm2/10,Pl,12
CWHvm2/10,Yc,8
CWHvm2/11,Cw,16
CWHvm2/11,Hm,16
CWHvm2/11,Hw,16
CWHvm2/11,Ss,20
CWHvm2/11,Yc,16
CWHvm2/11,Cw,16
CWHvm2/11,Hw,16
CWHvm2/11,Ss,20
CWHvm2/11,Yc,16
CWHwh1/01,Cw,21.44266675
CWHwh1/01,Hw,22.85272737
CWHwh1/01,Ss,29.18027772
CWHwh1/02,Cw,20
CWHwh1/02,Hw,23.93857166
CWHwh1/02,Pl,20
CWHwh1/02,Ss,27.85000003
CWHwh1/03,Cw,20
CWHwh1/03,Hw,26.92250037
CWHwh1/03,Ss,29.70838701
CWHwh1/04,Cw,16
CWHwh1/04,Hw,24
CWHwh1/04,Ss,24
CWHwh1/05,Cw,20
CWHwh1/05,Hw,28
CWHwh1/05,Ss,35.35093743
CWHwh1/06,Cw,20
CWHwh1/06,Hw,20
CWHwh1/06,Ss,28.51363633
CWHwh1/07,Cw,20
CWHwh1/07,Hw,28
CWHwh1/07,Ss,36
CWHwh1/08,Cw,12
CWHwh1/08,Ss,32
CWHwh1/10,Cw,12
CWHwh1/10,Hw,16
CWHwh1/10,Pl,16
CWHwh1/10,Ss,31.5787499
CWHwh1/10,Yc,16
CWHwh1/101,Cw,20
CWHwh1/101,Hw,24
CWHwh1/101,Ss,28
CWHwh1/102,Cw,20
CWHwh1/102,Hw,24
CWHwh1/102,Pl,20
CWHwh1/102,Ss,28
CWHwh1/103,Cw,12
CWHwh1/103,Hw,12
CWHwh1/103,Ss,16
CWHwh1/104,Cw,16
CWHwh1/104,Hw,16
CWHwh1/104,Ss,20
CWHwh1/105,Cw,24
CWHwh1/105,Hw,28
CWHwh1/105,Ss,28
CWHwh1/11,Cw,8
CWHwh1/11,Pl,12
CWHwh1/11,Yc,8
CWHwh1/110,Cw,20
CWHwh1/110,Hw,20
CWHwh1/110,Pl,20
CWHwh1/110,Ss,16
CWHwh1/111,Cw,24
CWHwh1/111,Hw,28
CWHwh1/111,Ss,36
CWHwh1/112,Cw,24
CWHwh1/112,Hw,28
CWHwh1/112,Ss,32
CWHwh1/113,Cw,24
CWHwh1/113,Hw,28
CWHwh1/113,Ss,32
CWHwh1/115,Cw,12
CWHwh1/115,Hw,12
CWHwh1/115,Pl,16
CWHwh1/115,Yc,12
CWHwh1/116,Cw,20
CWHwh1/116,Hw,24
CWHwh1/116,Ss,28
CWHwh1/117,Cw,16
CWHwh1/117,Ss,20
CWHwh1/118,Cw,16
CWHwh1/118,Hw,16
CWHwh1/118,Ss,16
CWHwh1/12,Cw,12
CWHwh1/12,Hw,16
CWHwh1/12,Pl,16
CWHwh1/13,Cw,8
CWHwh1/13,Hw,12
CWHwh1/13,Pl,12
CWHwh1/13,Ss,16
CWHwh1/14,Cw,16
CWHwh1/14,Hw,20
CWHwh1/14,Ss,24
CWHwh1/15,Cw,16
CWHwh1/15,Hw,20
CWHwh1/15,Pl,20
CWHwh1/15,Ss,24
CWHwh1/16,Cw,20
CWHwh1/16,Hw,28
CWHwh1/16,Ss,36
CWHwh1/17,Ss,36
CWHwh2/01,Cw,16
CWHwh2/01,Hw,20
CWHwh2/01,Ss,24
CWHwh2/01,Yc,16
CWHwh2/02,Cw,16
CWHwh2/02,Hm,12
CWHwh2/02,Hw,16
CWHwh2/02,Yc,16
CWHwh2/03,Cw,16
CWHwh2/03,Hw,20
CWHwh2/03,Ss,24
CWHwh2/03,Yc,16
CWHwh2/04,Cw,12
CWHwh2/04,Hw,16
CWHwh2/04,Ss,20
CWHwh2/04,Yc,12
CWHwh2/05,Cw,8
CWHwh2/05,Hm,8
CWHwh2/05,Hw,12
CWHwh2/05,Yc,8
CWHwh2/06,Cw,8
CWHwh2/06,Hm,8
CWHwh2/06,Hw,12
CWHwh2/06,Yc,8
CWHwh2/101,Cw,16
CWHwh2/101,Hm,16
CWHwh2/101,Hw,20
CWHwh2/101,Ss,20
CWHwh2/101,Yc,16
CWHwh2/110,Cw,16
CWHwh2/110,Hw,20
CWHwh2/110,Ss,24
CWHwh2/110,Yc,16
CWHwh2/111,Cw,8
CWHwh2/111,Hm,8
CWHwh2/111,Hw,8
CWHwh2/111,Yc,8
CWHwh2/112,Cw,12
CWHwh2/112,Hm,16
CWHwh2/112,Hw,16
CWHwh2/112,Ss,16
CWHwh2/112,Yc,16
CWHwm/01,Ba,24
CWHwm/01,Cw,19.6933332
CWHwm/01,Hm,24
CWHwm/01,Hw,19.60117671
CWHwm/01,Ss,21.3880002
CWHwm/01,Yc,20
CWHwm/02,Cw,16
CWHwm/02,Hm,20
CWHwm/02,Hw,20
CWHwm/02,Pl,20
CWHwm/02,Ss,16
CWHwm/02,Yc,16
CWHwm/03,Ba,28
CWHwm/03,Cw,24
CWHwm/03,Hw,28
CWHwm/03,Ss,30.26285771
CWHwm/04,Ba,28
CWHwm/04,Cw,24
CWHwm/04,Hw,28
CWHwm/04,Ss,32
CWHwm/05,Ba,28
CWHwm/05,Cw,24
CWHwm/05,Hw,28
CWHwm/05,Ss,32
CWHwm/06,Ba,28
CWHwm/06,Cw,24
CWHwm/06,Ss,32
CWHwm/08,Cw,12
CWHwm/08,Hm,16
CWHwm/08,Hw,16
CWHwm/08,Pl,16
CWHwm/08,Yc,12
CWHwm/09,Cw,16
CWHwm/09,Hw,16
CWHwm/09,Ss,20
CWHwm/10,Cw,8
CWHwm/10,Pl,12
CWHwm/10,Yc,8
CWHws1/01,Ba,25.16430737
CWHws1/01,Cw,19.79666654
CWHws1/01,Hw,22.86878586
CWHws1/01,Pl,20
ICHvk1/04,Sx,24
CWHws1/02,Cw,8
CWHws1/02,Hw,12
CWHws1/02,Pl,20.74499989
CWHws1/03,Cw,16
CWHws1/03,Hw,17.90499964
CWHws1/03,Pl,20.7099999
CWHws1/04,Ba,27.67799988
CWHws1/04,Cw,24.14857129
CWHws1/04,Hw,26.15363641
CWHws1/04,Pl,24
ICHwc/04,Sx,24
CWHws1/05,Ba,25.725714
CWHws1/05,Cw,21.5414287
CWHws1/05,Hw,25.00857108
ICHwc/05,Sx,24
CWHws1/06,Ba,27.96670017
CWHws1/06,Cw,23.34333335
CWHws1/06,Hw,25.8995455
ICHwc/06,Sx,24
CWHws1/07,Ba,28
CWHws1/07,Cw,21.50428581
ICHwk1/01,Sx,24
CWHws1/08,Ba,28
CWHws1/08,Cw,20
ICHwk1/01,Sx,24
CWHws1/10,Cw,8
CWHws1/10,Pl,12
CWHws1/11,Ba,12
CWHws1/11,Cw,19.33571434
CWHws1/11,Hw,12
ICHwk1/01,Sx,24
CWHws2/01,Ba,21.71857139
CWHws2/01,Cw,16
CWHws2/01,Hw,17.99285698
CWHws2/01,Pl,20
ICHwk1/05,Sx,24
CWHws2/01,Ba,21.71857139
CWHws2/01,Cw,16
CWHws2/01,Hw,17.99285698
CWHws2/01,Pl,20
ICHwk1/05,Sx,24
CWHws2/02,Cw,8
CWHws2/02,Hw,12
CWHws2/02,Pl,12
CWHws2/02,Cw,8
CWHws2/02,Hw,12
CWHws2/02,Pl,12
CWHws2/03,Cw,16
CWHws2/03,Hw,16
CWHws2/03,Pl,16
CWHws2/03,Cw,16
CWHws2/03,Fd,20
CWHws2/03,Hw,16
CWHws2/03,Pl,16
CWHws2/04,Ba,23.6114284
CWHws2/04,Cw,16
CWHws2/04,Hw,24
ICHwk1/05,Sx,24
CWHws2/04,Ba,23.6114284
CWHws2/04,Cw,16
CWHws2/04,Hw,24
IDFdm1/06,Sx,24
CWHws2/05,Ba,20
CWHws2/05,Cw,16
CWHws2/05,Hw,20
IDFdm1/06,Sx,24
CWHws2/05,Ba,20
CWHws2/05,Cw,16
CWHws2/05,Hw,20
IDFmw1/06,Sx,24
CWHws2/06,Ba,23.97857148
CWHws2/06,Cw,20
CWHws2/06,Hw,24
SBSdw1/08,Sx,24
CWHws2/06,Ba,23.97857148
CWHws2/06,Cw,20
CWHws2/06,Hw,24
SBSdw1/08,Sx,24
CWHws2/07,Ba,28
CWHws2/07,Cw,20
CWHws2/07,Hw,28
SBSmh/07,Sx,24
CWHws2/07,Ba,28
CWHws2/07,Cw,20
CWHws2/07,Hw,28
SBSmh/07,Sx,24
CWHws2/08,Ba,28
CWHws2/08,Cw,20
SBSmh/08,Sx,24
CWHws2/08,Ba,28
CWHws2/08,Cw,20
SBSmh/08,Sx,24
CWHws2/10,Cw,8
CWHws2/10,Pl,12
CWHws2/10,Cw,8
CWHws2/10,Pl,12
CWHws2/11,Ba,12
CWHws2/11,Cw,12
CWHws2/11,Hw,12
SBSwk2/06,Sx,24
CWHws2/11,Ba,12
CWHws2/11,Cw,12
CWHws2/11,Hw,12
<<<<<<< HEAD
ICHmc2/04,Sx,23.8599999
CWHxm/01,Cw,24
CWHxm/01,Fd,34.06156869
CWHxm/01,Hw,24
CWHxm/02,Fd,20
CWHxm/02,Pl,20
CWHxm/03,Cw,20
CWHxm/03,Fd,24
CWHxm/03,Pl,24
CWHxm/04,Cw,28
CWHxm/04,Fd,28
CWHxm/05,Bg,32
CWHxm/05,Cw,24
CWHxm/05,Fd,36
CWHxm/06,Cw,24
CWHxm/06,Fd,32
CWHxm/06,Hw,24
CWHxm/07,Bg,40
CWHxm/07,Cw,28
CWHxm/07,Fd,40
CWHxm/08,Bg,40
CWHxm/08,Cw,24
CWHxm/09,Bg,28
CWHxm/09,Cw,24
CWHxm/11,Cw,8
CWHxm/11,Pl,16
CWHxm/12,Cw,16
CWHxm/12,Hw,32
CWHxm/12,Ss,28
CWHxm/13,Bg,36
CWHxm/13,Cw,24
CWHxm/13,Fd,36
CWHxm/14,Bg,28
CWHxm/14,Cw,28
CWHxm/15,Cw,24
ESSFdc1/01,Bl,14.56799994
ESSFdc1/01,Pl,17.6758333
SBSmw/07,Sx,23.7
ESSFdc1/01,Bl,14.56799994
ESSFdc1/01,Pl,17.6758333
SBSmw/07,Sx,23.67875004
ESSFdc1/02,Bl,9
ESSFdc1/02,Pl,12
SBSmw/07,Sx,23.67875004
ESSFdc1/02,Bl,9
ESSFdc1/02,Pl,12
SBSdw3/08,Sx,23.67111121
ESSFdc1/03,Bl,13.97090912
ESSFdc1/03,Pl,16.06249988
ICHmc2/03,Sx,23.6274999
ESSFdc1/03,Bl,13.97090912
ESSFdc1/03,Pl,16.06249988
SBSmh/01,Sx,23.47500014
ESSFdc1/04,Bl,14.57374966
ESSFdc1/04,Pl,17.9000001
SBSmh/01,Sx,23.47500014
ESSFdc1/04,Bl,14.57374966
ESSFdc1/04,Pl,17.9000001
ICHmc1/03,Sx,23.16041668
ESSFdc1/05,Bl,12
ESSFdc1/05,Pl,12
SBSmw/11,Sx,22.9857145
ESSFdc1/05,Bl,12
ESSFdc1/05,Pl,12
ICHwk2/06,Sx,22.8974998
ESSFdc1/06,Bl,9
ESSFdc1/06,Pl,9
ICHmm/01,Sx,22.8107693
ESSFdc1/06,Bl,9
ESSFdc1/06,Pl,9
ICHvk2/01,Sx,22.77999987
ESSFdc2/01,Bl,16.4249999
ESSFdc2/01,Pl,16.91909096
ICHwk2/01,Sx,22.71272711
ESSFdc2/03,Bl,12
ESSFdc2/03,Pl,15
MSdk/04,Sx,22.67714282
ESSFdc2/04,Bl,13.55333339
ESSFdc2/04,Pl,15
SBSmw/08,Sx,22.60471426
ESSFdc2/05,Bl,12
ESSFdc2/05,Pl,15
SBSmw/08,Sx,22.60471426
ESSFdc2/06,Bl,12
ESSFdc2/06,Pl,15
SBSmw/08,Sx,22.6
ESSFdc2/07,Bl,12
ESSFdc2/07,Pl,15
ICHmc1/01,Sx,22.55111112
ESSFdc2/08,Bl,9
ESSFdc2/08,Pl,12
ICHdk/01,Sx,22.42363618
ESSFdk/01,Bl,15
ESSFdk/01,Fd,18
ESSFdk/01,Pl,19.93857111
ICHmk1/04,Sx,22.37571444
ESSFdk/02,Bl,12
ESSFdk/02,Fd,15
ESSFdk/02,Pl,15
ICHmk1/04,Sx,22.37571444
ESSFdk/03,Bl,15.15154544
ESSFdk/03,Pl,16.68727251
MSdk/05,Sx,22.37300001
=======
CWHws2/11,Sx,12
CWHxm2/01,Cw,24
CWHxm2/01,Fd,34.06156869
CWHxm2/01,Hw,24
CWHxm2/02,Fd,20
CWHxm2/02,Pl,20
CWHxm2/03,Cw,20
CWHxm2/03,Fd,24
CWHxm2/03,Pl,24
CWHxm2/04,Cw,28
CWHxm2/04,Fd,28
CWHxm2/05,Bg,32
CWHxm2/05,Cw,24
CWHxm2/05,Fd,36
CWHxm2/06,Cw,24
CWHxm2/06,Fd,32
CWHxm2/06,Hw,24
CWHxm2/07,Bg,40
CWHxm2/07,Cw,28
CWHxm2/07,Fd,40
CWHxm2/08,Bg,40
CWHxm2/08,Cw,24
CWHxm2/09,Bg,28
CWHxm2/09,Cw,24
CWHxm2/11,Cw,8
CWHxm2/11,Pl,16
CWHxm2/12,Cw,16
CWHxm2/12,Hw,32
CWHxm2/12,Ss,28
CWHxm2/13,Bg,36
CWHxm2/13,Cw,24
CWHxm2/13,Fd,36
CWHxm2/14,Bg,28
CWHxm2/14,Cw,28
CWHxm2/15,Cw,24
ESSFdc1/01,Bl,14.56799994
ESSFdc1/01,Pl,17.6758333
ESSFdc1/01,Sx,15.93090916
ESSFdc1/01,Bl,14.56799994
ESSFdc1/01,Pl,17.6758333
ESSFdc1/01,Sx,15.93090916
ESSFdc1/02,Bl,9
ESSFdc1/02,Pl,12
ESSFdc1/02,Sx,9
ESSFdc1/02,Bl,9
ESSFdc1/02,Pl,12
ESSFdc1/02,Sx,9
ESSFdc1/03,Bl,13.97090912
ESSFdc1/03,Pl,16.06249988
ESSFdc1/03,Sx,9
ESSFdc1/03,Bl,13.97090912
ESSFdc1/03,Pl,16.06249988
ESSFdc1/03,Sx,9
ESSFdc1/04,Bl,14.57374966
ESSFdc1/04,Pl,17.9000001
ESSFdc1/04,Sx,12
ESSFdc1/04,Bl,14.57374966
ESSFdc1/04,Pl,17.9000001
ESSFdc1/04,Sx,12
ESSFdc1/05,Bl,12
ESSFdc1/05,Pl,12
ESSFdc1/05,Sx,12
ESSFdc1/05,Bl,12
ESSFdc1/05,Pl,12
ESSFdc1/05,Sx,12
ESSFdc1/06,Bl,9
ESSFdc1/06,Pl,9
ESSFdc1/06,Sx,9
ESSFdc1/06,Bl,9
ESSFdc1/06,Pl,9
ESSFdc1/06,Sx,9
ESSFdc2/01,Bl,16.4249999
ESSFdc2/01,Pl,16.91909096
ESSFdc2/01,Sx,15.8833334
ESSFdc2/03,Bl,12
ESSFdc2/03,Pl,15
ESSFdc2/03,Sx,12
ESSFdc2/04,Bl,13.55333339
ESSFdc2/04,Pl,15
ESSFdc2/04,Sx,12
ESSFdc2/05,Bl,12
ESSFdc2/05,Pl,15
ESSFdc2/05,Sx,12
ESSFdc2/06,Bl,12
ESSFdc2/06,Pl,15
ESSFdc2/06,Sx,18.13444434
ESSFdc2/07,Bl,12
ESSFdc2/07,Pl,15
ESSFdc2/07,Sx,15
ESSFdc2/08,Bl,9
ESSFdc2/08,Pl,12
ESSFdc2/08,Sx,12
ESSFdk/01,Bl,15
ESSFdk/01,Fd,18
ESSFdk/01,Pl,19.93857111
ESSFdk/01,Sx,15
ESSFdk/02,Bl,12
ESSFdk/02,Fd,15
ESSFdk/02,Pl,15
ESSFdk/02,Sx,12
ESSFdk/03,Bl,15.15154544
ESSFdk/03,Pl,16.68727251
ESSFdk/03,Sx,15.28449984
>>>>>>> 2ed40677db29e17cc3a0f599b8e0825f540dd60b
ESSFdk/04,Bl,14.72715385
ESSFdk/04,Fd,17.87142822
ESSFdk/04,Pa,15
ESSFdk/04,Pl,18.07666667
<<<<<<< HEAD
SBSdw3/07,Sx,22.2272729
ESSFdk/05,Bl,12
ESSFdk/05,Pl,18
SBSwk1/05,Sx,22.16624999
ESSFdk/06,Bl,12
ESSFdk/06,Pl,15
SBSwk1/05,Sx,22.16624999
=======
ESSFdk/04,Sx,14.27392851
ESSFdk/05,Bl,12
ESSFdk/05,Pl,18
ESSFdk/05,Sx,15
ESSFdk/06,Bl,12
ESSFdk/06,Pl,15
ESSFdk/06,Sx,15
>>>>>>> 2ed40677db29e17cc3a0f599b8e0825f540dd60b
ESSFdk1/01,Lw,18
ESSFdk1/02,Lw,15
ESSFdk1/04,Lw,18
ESSFdk2/01,Lw,18
ESSFdk2/02,Lw,15
ESSFdk2/04,Lw,18
ESSFdv/01,Bl,12
ESSFdv/01,Pl,15
<<<<<<< HEAD
SBSwk3/07,Sx,22.15599995
ESSFdv/02,Bl,9
ESSFdv/02,Pa,6
ESSFdv/02,Pl,12
SBSwk3/07,Sx,22.15599995
ESSFdv/03,Bl,9
ESSFdv/03,Pa,9
ESSFdv/03,Pl,12
SBSmk1/08,Sx,22.14125001
ESSFdv/04,Bl,12
ESSFdv/04,Pa,9
ESSFdv/04,Pl,15
ICHwk3/01,Sx,22.03166668
ESSFdv/05,Bl,12
ESSFdv/05,Pl,15
SBSmw/06,Sx,22
ESSFdv/06,Bl,9
ESSFdv/06,Pl,9
SBSmw/06,Sx,21.96428544
ESSFmc/01,Bl,14.89769217
ESSFmc/01,Pl,16.17699996
SBSmw/06,Sx,21.96428544
ESSFmc/02,Bl,13.86000001
ESSFmc/02,Pl,13.48142869
SBSwk1/07,Sx,21.91714314
ESSFmc/02,Bl,13.86000001
ESSFmc/02,Pl,13.48142869
SBSwk1/07,Sx,21.91714314
ESSFmc/03,Bl,13.62909092
ESSFmc/03,Pl,15.89250004
SBSwk1/10,Sx,21.87428556
ESSFmc/04,Bl,13.46454551
ESSFmc/04,Pl,15.00600023
SBSwk2/01,Sx,21.83666674
ESSFmc/04,Bl,13.46454551
ESSFmc/04,Pl,15.00600023
ICHmk1/05,Sx,21.75277816
ESSFmc/05,Bl,15.07200003
ESSFmc/05,Pl,17.78350019
ICHmk1/05,Sx,21.75277816
ESSFmc/06,Bl,15.49416677
ESSFmc/06,Pl,19.02666664
ICHwk4/04,Sx,21.74571419
ESSFmc/07,Bl,12
ESSFmc/07,Pl,15
ICHwk4/04,Sx,21.74571419
ESSFmc/08,Bl,10.56375003
ICHmk3/05,Sx,21.63875008
ESSFmc/08,Bl,10.56375003
SBPSmk/01,Sx,21.63749981
ESSFmc/09,Bl,9
MSdm2/05,Sx,21.3883334
ESSFmc/10,Bl,12.66999997
SBSmc2/05,Sx,21.29240001
=======
ESSFdv/01,Sx,12
ESSFdv/02,Bl,9
ESSFdv/02,Pa,6
ESSFdv/02,Pl,12
ESSFdv/02,Sx,9
ESSFdv/03,Bl,9
ESSFdv/03,Pa,9
ESSFdv/03,Pl,12
ESSFdv/03,Sx,9
ESSFdv/04,Bl,12
ESSFdv/04,Pa,9
ESSFdv/04,Pl,15
ESSFdv/04,Sx,12
ESSFdv/05,Bl,12
ESSFdv/05,Pl,15
ESSFdv/05,Sx,15
ESSFdv/06,Bl,9
ESSFdv/06,Pl,9
ESSFdv/06,Sx,9
ESSFmc/01,Bl,14.89769217
ESSFmc/01,Pl,16.17699996
ESSFmc/01,Sx,14.24400005
ESSFmc/02,Bl,13.86000001
ESSFmc/02,Pl,13.48142869
ESSFmc/02,Sx,13.26900001
ESSFmc/02,Bl,13.86000001
ESSFmc/02,Pl,13.48142869
ESSFmc/02,Sx,13.26900001
ESSFmc/03,Bl,13.62909092
ESSFmc/03,Pl,15.89250004
ESSFmc/03,Sx,9
ESSFmc/04,Bl,13.46454551
ESSFmc/04,Pl,15.00600023
ESSFmc/04,Sx,14.48699989
ESSFmc/04,Bl,13.46454551
ESSFmc/04,Pl,15.00600023
ESSFmc/04,Sx,14.48699989
ESSFmc/05,Bl,15.07200003
ESSFmc/05,Pl,17.78350019
ESSFmc/05,Sx,17.08333355
ESSFmc/06,Bl,15.49416677
ESSFmc/06,Pl,19.02666664
ESSFmc/06,Sx,18.86999977
ESSFmc/07,Bl,12
ESSFmc/07,Pl,15
ESSFmc/07,Sx,15
ESSFmc/08,Bl,10.56375003
ESSFmc/08,Sx,11.66111125
ESSFmc/08,Bl,10.56375003
ESSFmc/08,Sx,11.66111125
ESSFmc/09,Bl,9
ESSFmc/09,Sx,9
ESSFmc/10,Bl,12.66999997
ESSFmc/10,Sx,15.60076908
>>>>>>> 2ed40677db29e17cc3a0f599b8e0825f540dd60b
ESSFmk/01,Ba,12
ESSFmk/01,Bl,12
ESSFmk/01,Hm,12
ESSFmk/01,Pl,12
<<<<<<< HEAD
SBSmc2/05,Sx,21.29240001
=======
ESSFmk/01,Sx,12
>>>>>>> 2ed40677db29e17cc3a0f599b8e0825f540dd60b
ESSFmk/02,Bl,9
ESSFmk/02,Hm,9
ESSFmk/02,Pa,9
ESSFmk/02,Pl,9
<<<<<<< HEAD
IDFdk3/08,Sx,21.1542857
=======
ESSFmk/02,Sx,9
>>>>>>> 2ed40677db29e17cc3a0f599b8e0825f540dd60b
ESSFmk/03,Bl,9
ESSFmk/03,Hm,9
ESSFmk/03,Pa,9
ESSFmk/03,Pl,9
<<<<<<< HEAD
IDFdk3/08,Sx,21.1542857
=======
ESSFmk/03,Sx,9
>>>>>>> 2ed40677db29e17cc3a0f599b8e0825f540dd60b
ESSFmk/04,Ba,12
ESSFmk/04,Bl,12
ESSFmk/04,Hm,12
ESSFmk/04,Pl,12
<<<<<<< HEAD
SBSvk/04,Sx,21.0685715
=======
ESSFmk/04,Sx,12
>>>>>>> 2ed40677db29e17cc3a0f599b8e0825f540dd60b
ESSFmk/05,Ba,12
ESSFmk/05,Bl,12
ESSFmk/05,Hm,12
ESSFmk/05,Pl,15
<<<<<<< HEAD
SBSwk1/01,Sx,21.06357159
ESSFmk/06,Bl,9
SBSwk1/01,Sx,21.06357159
ESSFmk/07,Bl,9
SBSdw1/01,Sx,21.02928584
ESSFmm1/01,Bl,15
ESSFmm1/01,Pl,18
SBSdw1/01,Sx,21.02928584
ESSFmm1/02,Bl,6
ESSFmm1/02,Pl,9
SBSmk1/07,Sx,21.0079999
ESSFmm1/03,Bl,12
ESSFmm1/03,Pl,12
BWBSmw/101,Sx,21
ESSFmm1/04,Bl,12
ESSFmm1/04,Pl,15
ESSFwc1/03,Sx,21
ESSFmm1/05,Bl,15
ESSFmm1/05,Pl,15
ESSFwc1/03,Sx,21
ESSFmm1/06,Bl,15
ESSFmm1/06,Pl,18
ESSFwc1/04,Sx,21
ESSFmm1/07,Bl,12
ESSFmm1/07,Pl,12
ESSFwc1/04,Sx,21
ESSFmv1/01,Bl,12
ESSFmv1/01,Pl,15
ESSFwc2/07,Sx,21
=======
ESSFmk/05,Sx,15
ESSFmk/06,Bl,9
ESSFmk/06,Sx,9
ESSFmk/07,Bl,9
ESSFmk/07,Sx,9
ESSFmm1/01,Bl,15
ESSFmm1/01,Pl,18
ESSFmm1/01,Sx,15
ESSFmm1/02,Bl,6
ESSFmm1/02,Pl,9
ESSFmm1/02,Sx,9
ESSFmm1/03,Bl,12
ESSFmm1/03,Pl,12
ESSFmm1/03,Sx,12
ESSFmm1/04,Bl,12
ESSFmm1/04,Pl,15
ESSFmm1/04,Sx,12
ESSFmm1/05,Bl,15
ESSFmm1/05,Pl,15
ESSFmm1/05,Sx,15
ESSFmm1/06,Bl,15
ESSFmm1/06,Pl,18
ESSFmm1/06,Sx,18
ESSFmm1/07,Bl,12
ESSFmm1/07,Pl,12
ESSFmm1/07,Sx,12
ESSFmv1/01,Bl,12
ESSFmv1/01,Pl,15
ESSFmv1/01,Sx,15
>>>>>>> 2ed40677db29e17cc3a0f599b8e0825f540dd60b
ESSFmv1/02,Bl,9
ESSFmv1/02,Pl,12
ESSFmv1/03,Bl,9
ESSFmv1/03,Pl,12
<<<<<<< HEAD
ESSFwc2/07,Sx,21
ESSFmv1/04,Bl,15
ESSFmv1/04,Pl,18
ESSFwc2/07,Sx,21
ESSFmv1/05,Bl,15
ESSFmv1/05,Pl,15
ICHdk/04,Sx,21
ESSFmv2/01,Bl,12
ESSFmv2/01,Pl,15
ICHdw/01b,Sx,21
ESSFmv2/02,Bl,9
ESSFmv2/02,Pl,12
ICHmc1/06,Sx,21
ESSFmv2/03,Bl,6
ESSFmv2/03,Pl,9
ESSFmv2/03,Sb,6
ICHmc1a/01,Sx,21
ESSFmv2/04,Bl,15
ESSFmv2/04,Pl,18
ICHmc1a/02,Sx,21
ESSFmv2/05,Bl,15
ESSFmv2/05,Pl,15
ICHmc2/07,Sx,21
ESSFmv2/06,Bl,15
ESSFmv2/06,Pl,15
ICHmc2/52,Sx,21
ESSFmv3/01,Bl,12
ESSFmv3/01,Pl,17.29999987
ICHmc2/53,Sx,21
ESSFmv3/01,Bl,12
ESSFmv3/01,Pl,17.29999987
ICHmk1/06,Sx,21
ESSFmv3/02,Bl,9
ESSFmv3/02,Pl,9
ICHmk1/06,Sx,21
ESSFmv3/02,Bl,9
ESSFmv3/02,Pl,9
ICHmk2/05,Sx,21
ESSFmv3/03,Bl,6
ESSFmv3/03,Pl,9
ESSFmv3/03,Sb,6
ICHmk3/07,Sx,21
ESSFmv3/03,Bl,6
ESSFmv3/03,Pl,9
ESSFmv3/03,Sb,6
ICHmm/05,Sx,21
ESSFmv3/04,Bl,12
ESSFmv3/04,Pl,15
ICHmm/06,Sx,21
ESSFmv3/04,Bl,12
ESSFmv3/04,Pl,15
ICHmw1/01,Sx,21
ESSFmv3/05,Bl,12
ESSFmv3/05,Pl,15
ICHmw1/05,Sx,21
ESSFmv3/05,Bl,12
ESSFmv3/05,Pl,15
ICHmw1/06,Sx,21
=======
ESSFmv1/03,Sx,12
ESSFmv1/04,Bl,15
ESSFmv1/04,Pl,18
ESSFmv1/04,Sx,15
ESSFmv1/05,Bl,15
ESSFmv1/05,Pl,15
ESSFmv1/05,Sx,15
ESSFmv2/01,Bl,12
ESSFmv2/01,Pl,15
ESSFmv2/01,Sx,15
ESSFmv2/02,Bl,9
ESSFmv2/02,Pl,12
ESSFmv2/02,Sx,9
ESSFmv2/03,Bl,6
ESSFmv2/03,Pl,9
ESSFmv2/03,Sb,6
ESSFmv2/03,Sx,6
ESSFmv2/04,Bl,15
ESSFmv2/04,Pl,18
ESSFmv2/04,Sx,15
ESSFmv2/05,Bl,15
ESSFmv2/05,Pl,15
ESSFmv2/05,Sx,15
ESSFmv2/06,Bl,15
ESSFmv2/06,Pl,15
ESSFmv2/06,Sx,15
ESSFmv3/01,Bl,12
ESSFmv3/01,Pl,17.29999987
ESSFmv3/01,Sx,12
ESSFmv3/01,Bl,12
ESSFmv3/01,Pl,17.29999987
ESSFmv3/01,Sx,12
ESSFmv3/02,Bl,9
ESSFmv3/02,Pl,9
ESSFmv3/02,Sx,9
ESSFmv3/02,Bl,9
ESSFmv3/02,Pl,9
ESSFmv3/02,Sx,9
ESSFmv3/03,Bl,6
ESSFmv3/03,Pl,9
ESSFmv3/03,Sb,6
ESSFmv3/03,Sx,6
ESSFmv3/03,Bl,6
ESSFmv3/03,Pl,9
ESSFmv3/03,Sb,6
ESSFmv3/03,Sx,6
ESSFmv3/04,Bl,12
ESSFmv3/04,Pl,15
ESSFmv3/04,Sx,15
ESSFmv3/04,Bl,12
ESSFmv3/04,Pl,15
ESSFmv3/04,Sx,15
ESSFmv3/05,Bl,12
ESSFmv3/05,Pl,15
ESSFmv3/05,Sx,15
ESSFmv3/05,Bl,12
ESSFmv3/05,Pl,15
ESSFmv3/05,Sx,15
>>>>>>> 2ed40677db29e17cc3a0f599b8e0825f540dd60b
ESSFmv3/06,Bl,12
ESSFmv3/06,Pl,12
ESSFmv3/06,Bl,12
ESSFmv3/06,Pl,12
ESSFmv3/07,Bl,9
ESSFmv3/07,Pl,9
<<<<<<< HEAD
ICHmw2/06,Sx,21
ESSFmv3/07,Bl,9
ESSFmv3/07,Pl,9
ICHmw2/07,Sx,21
ESSFmv4/01,Bl,12
ESSFmv4/01,Pl,15
ICHmw3/06,Sx,21
ESSFmv4/02,Bl,9
ESSFmv4/02,Pl,12
ICHmw3/06,Sx,21
ESSFmv4/03,Bl,6
ESSFmv4/03,Pl,9
ESSFmv4/03,Sb,6
ICHvc/04,Sx,21
ESSFmv4/04,Bl,15
ESSFmv4/04,Pl,18
ICHvc/05,Sx,21
ESSFmv4/05,Bl,15
ESSFmv4/05,Pl,15
ICHvk1/02,Sx,21
ESSFmw/01,Ba,15
ESSFmw/01,Bl,15
ESSFmw/01,Pl,15
ICHvk1/03,Sx,21
ESSFmw/01,Ba,15
ESSFmw/01,Bl,15
ESSFmw/01,Pl,15
ICHvk1/03,Sx,21
ESSFmw/02,Bl,9
ESSFmw/02,Pa,9
ESSFmw/02,Pl,12
ICHvk1/05,Sx,21
ESSFmw/02,Pl,12
ICHvk1/05,Sx,21
ESSFmw/03,Fd,15
ESSFmw/03,Pl,15
ICHvk2/05,Sx,21
ESSFmw/03,Fd,15
ESSFmw/03,Pl,15
ICHwc/01,Sx,21
ESSFmw/04,Bl,12
ESSFmw/04,Fd,15
ESSFmw/04,Pl,15
ICHwc/03,Sx,21
ESSFmw/04,Bl,12
ESSFmw/04,Fd,15
ESSFmw/04,Pl,15
ICHwc/08,Sx,21
ESSFmw/05,Ba,15
ESSFmw/05,Bl,15
ESSFmw/05,Pl,18
ICHwk1/04,Sx,21
ESSFmw/05,Ba,15
ESSFmw/05,Bl,15
ESSFmw/05,Pl,18
ICHwk1/04,Sx,21
ESSFmw/06,Ba,15
ESSFmw/06,Bl,15
ESSFmw/06,Pl,15
ICHwk1/04,Sx,21
ESSFmw/06,Ba,15
ESSFmw/06,Bl,15
ESSFmw/06,Pl,15
ICHwk1/06,Sx,21
ESSFmw/07,Ba,18
ESSFmw/07,Bl,18
ICHwk1/06,Sx,21
ESSFmw/07,Ba,18
ESSFmw/07,Bl,18
ICHwk1/06,Sx,21
ICHwk1/07,Sx,21
ESSFmw/08,Bl,9
ICHwk1/07,Sx,21
ESSFvc/01,Bl,15
ESSFvc/01,Hm,12
ICHwk2/05,Sx,21
ESSFvc/01,Bl,15
ESSFvc/01,Hm,12
ICHwk2/08,Sx,21
ESSFvc/02,Bl,12
ESSFvc/02,Hm,9
ICHwk3/06,Sx,21
ESSFvc/02,Bl,12
ESSFvc/02,Hm,9
IDFdk1/06,Sx,21
ESSFvc/03,Bl,15
ESSFvc/03,Hm,12
IDFdk2/06,Sx,21
ESSFvc/03,Bl,15
ESSFvc/03,Hm,12
IDFdm1/07,Sx,21
ESSFvc/04,Bl,18
IDFdm1/07,Sx,21
ESSFvc/04,Bl,18
IDFdm2/05,Sx,21
ESSFvc/05,Bl,18
IDFmw1/05,Sx,21
ESSFvc/05,Bl,18
IDFmw2/04,Sx,21
ESSFvv/01,Bl,12
IDFxh2/08,Sx,21
ESSFvv/02,Bl,9
ESSFvv/02,Pl,12
IDFxw/07,Sx,21
ESSFvv/03,Bl,12
MSdm1/08,Sx,21
ESSFvv/04,Bl,12
PPdh1/06,Sx,21
=======
ESSFmv3/07,Sx,9
ESSFmv3/07,Bl,9
ESSFmv3/07,Pl,9
ESSFmv3/07,Sx,9
ESSFmv4/01,Bl,12
ESSFmv4/01,Pl,15
ESSFmv4/01,Sx,15
ESSFmv4/02,Bl,9
ESSFmv4/02,Pl,12
ESSFmv4/02,Sx,9
ESSFmv4/03,Bl,6
ESSFmv4/03,Pl,9
ESSFmv4/03,Sb,6
ESSFmv4/03,Sx,6
ESSFmv4/04,Bl,15
ESSFmv4/04,Pl,18
ESSFmv4/04,Sx,15
ESSFmv4/05,Bl,15
ESSFmv4/05,Pl,15
ESSFmv4/05,Sx,15
ESSFmw1/01,Ba,15
ESSFmw1/01,Bl,15
ESSFmw1/01,Pl,15
ESSFmw1/01,Sx,15
ESSFmw1/01,Ba,15
ESSFmw1/01,Bl,15
ESSFmw1/01,Pl,15
ESSFmw1/01,Sx,15
ESSFmw1/02,Bl,9
ESSFmw1/02,Pa,9
ESSFmw1/02,Pl,12
ESSFmw1/02,Sx,12
ESSFmw1/02,Pl,12
ESSFmw1/02,Sx,12
ESSFmw1/03,Fd,15
ESSFmw1/03,Pl,15
ESSFmw1/03,Sx,12
ESSFmw1/03,Fd,15
ESSFmw1/03,Pl,15
ESSFmw1/03,Sx,12
ESSFmw1/04,Bl,12
ESSFmw1/04,Fd,15
ESSFmw1/04,Pl,15
ESSFmw1/04,Sx,12
ESSFmw1/04,Bl,12
ESSFmw1/04,Fd,15
ESSFmw1/04,Pl,15
ESSFmw1/04,Sx,12
ESSFmw1/05,Ba,15
ESSFmw1/05,Bl,15
ESSFmw1/05,Pl,18
ESSFmw1/05,Sx,15
ESSFmw1/05,Ba,15
ESSFmw1/05,Bl,15
ESSFmw1/05,Pl,18
ESSFmw1/05,Sx,15
ESSFmw1/06,Ba,15
ESSFmw1/06,Bl,15
ESSFmw1/06,Pl,15
ESSFmw1/06,Sx,15
ESSFmw1/06,Ba,15
ESSFmw1/06,Bl,15
ESSFmw1/06,Pl,15
ESSFmw1/06,Sx,15
ESSFmw1/07,Ba,18
ESSFmw1/07,Bl,18
ESSFmw1/07,Sx,18
ESSFmw1/07,Ba,18
ESSFmw1/07,Bl,18
ESSFmw1/07,Sx,18
ESSFmw1/08,Sx,18
ESSFmw1/08,Bl,9
ESSFmw1/08,Sx,18
ESSFvc/01,Bl,15
ESSFvc/01,Hm,12
ESSFvc/01,Sx,15
ESSFvc/01,Bl,15
ESSFvc/01,Hm,12
ESSFvc/01,Sx,15
ESSFvc/02,Bl,12
ESSFvc/02,Hm,9
ESSFvc/02,Sx,12
ESSFvc/02,Bl,12
ESSFvc/02,Hm,9
ESSFvc/02,Sx,12
ESSFvc/03,Bl,15
ESSFvc/03,Hm,12
ESSFvc/03,Sx,15
ESSFvc/03,Bl,15
ESSFvc/03,Hm,12
ESSFvc/03,Sx,15
ESSFvc/04,Bl,18
ESSFvc/04,Sx,18
ESSFvc/04,Bl,18
ESSFvc/04,Sx,18
ESSFvc/05,Bl,18
ESSFvc/05,Sx,18
ESSFvc/05,Bl,18
ESSFvc/05,Sx,18
ESSFvv/01,Bl,12
ESSFvv/01,Sx,12
ESSFvv/02,Bl,9
ESSFvv/02,Pl,12
ESSFvv/02,Sx,9
ESSFvv/03,Bl,12
ESSFvv/03,Sx,9
ESSFvv/04,Bl,12
ESSFvv/04,Sx,12
>>>>>>> 2ed40677db29e17cc3a0f599b8e0825f540dd60b
ESSFwc1/01,Bl,19.34388865
ESSFwc1/01,Cw,15
ESSFwc1/01,Hw,15
ESSFwc1/01,Pl,20.5510525
<<<<<<< HEAD
SBPSmk/07,Sx,21
=======
ESSFwc1/01,Sx,18.27421053
>>>>>>> 2ed40677db29e17cc3a0f599b8e0825f540dd60b
ESSFwc1/01,Bl,19.34388865
ESSFwc1/01,Cw,15
ESSFwc1/01,Hw,15
ESSFwc1/01,Pl,20.5510525
<<<<<<< HEAD
SBSdh/01,Sx,21
ESSFwc1/02,Bl,17.32034483
ESSFwc1/02,Pl,17.9117857
SBSdh/06,Sx,21
ESSFwc1/02,Bl,17.32034483
ESSFwc1/02,Pl,17.9117857
SBSdh/07,Sx,21
=======
ESSFwc1/01,Sx,18.27421053
ESSFwc1/02,Bl,17.32034483
ESSFwc1/02,Pl,17.9117857
ESSFwc1/02,Sx,15
ESSFwc1/02,Bl,17.32034483
ESSFwc1/02,Pl,17.9117857
ESSFwc1/02,Sx,15
>>>>>>> 2ed40677db29e17cc3a0f599b8e0825f540dd60b
ESSFwc1/03,Bl,19.70599988
ESSFwc1/03,Cw,15
ESSFwc1/03,Hw,15
ESSFwc1/03,Pl,18
<<<<<<< HEAD
SBSdw1/06,Sx,21
=======
ESSFwc1/03,Sx,21
>>>>>>> 2ed40677db29e17cc3a0f599b8e0825f540dd60b
ESSFwc1/03,Bl,19.70599988
ESSFwc1/03,Cw,15
ESSFwc1/03,Hw,15
ESSFwc1/03,Pl,18
<<<<<<< HEAD
SBSdw1/06,Sx,21
ESSFwc1/04,Bl,18
ESSFwc1/04,Hw,15
ESSFwc1/04,Pl,18
SBSdw1/09,Sx,21
ESSFwc1/04,Bl,18
ESSFwc1/04,Hw,15
ESSFwc1/04,Pl,18
SBSdw1/09,Sx,21
ESSFwc2/01,Bl,15
ESSFwc2/01,Pl,15
SBSdw2/09,Sx,21
ESSFwc2/01,Bl,15
ESSFwc2/01,Pl,15
SBSdw2/09,Sx,21
ESSFwc2/01,Bl,15
ESSFwc2/01,Pl,15
SBSmc1/06,Sx,21
ESSFwc2/02,Bl,9
ESSFwc2/02,Pl,12
SBSmc1/07,Sx,21
ESSFwc2/02,Bl,9
ESSFwc2/02,Pl,12
SBSmc2/08,Sx,21
ESSFwc2/02,Bl,9
ESSFwc2/02,Pl,12
SBSmc2/08,Sx,21
ESSFwc2/03,Bl,12
ESSFwc2/03,Pl,15
SBSmh/06,Sx,21
ESSFwc2/03,Bl,12
ESSFwc2/03,Pl,15
SBSmh/06,Sx,21
ESSFwc2/03,Bl,12
ESSFwc2/03,Pl,15
SBSmh/09,Sx,21
ESSFwc2/04,Bl,12
ESSFwc2/04,Pl,15
SBSmh/09,Sx,21
ESSFwc2/04,Bl,12
ESSFwc2/04,Pl,15
SBSmk2/05,Sx,21
ESSFwc2/04,Bl,12
ESSFwc2/04,Pl,15
SBSmk2/06,Sx,21
=======
ESSFwc1/03,Sx,21
ESSFwc1/04,Bl,18
ESSFwc1/04,Hw,15
ESSFwc1/04,Pl,18
ESSFwc1/04,Sx,21
ESSFwc1/04,Bl,18
ESSFwc1/04,Hw,15
ESSFwc1/04,Pl,18
ESSFwc1/04,Sx,21
ESSFwc2/01,Bl,15
ESSFwc2/01,Pl,15
ESSFwc2/01,Sx,15
ESSFwc2/01,Bl,15
ESSFwc2/01,Pl,15
ESSFwc2/01,Sx,15
ESSFwc2/01,Bl,15
ESSFwc2/01,Pl,15
ESSFwc2/01,Sx,15
ESSFwc2/02,Bl,9
ESSFwc2/02,Pl,12
ESSFwc2/02,Sx,12
ESSFwc2/02,Bl,9
ESSFwc2/02,Pl,12
ESSFwc2/02,Sx,12
ESSFwc2/02,Bl,9
ESSFwc2/02,Pl,12
ESSFwc2/02,Sx,12
ESSFwc2/03,Bl,12
ESSFwc2/03,Pl,15
ESSFwc2/03,Sx,12
ESSFwc2/03,Bl,12
ESSFwc2/03,Pl,15
ESSFwc2/03,Sx,12
ESSFwc2/03,Bl,12
ESSFwc2/03,Pl,15
ESSFwc2/03,Sx,12
ESSFwc2/04,Bl,12
ESSFwc2/04,Pl,15
ESSFwc2/04,Sx,12
ESSFwc2/04,Bl,12
ESSFwc2/04,Pl,15
ESSFwc2/04,Sx,12
ESSFwc2/04,Bl,12
ESSFwc2/04,Pl,15
ESSFwc2/04,Sx,12
>>>>>>> 2ed40677db29e17cc3a0f599b8e0825f540dd60b
ESSFwc2/05,Bl,13.6218182
ESSFwc2/05,Pl,12
ESSFwc2/05,Bl,13.6218182
ESSFwc2/05,Pl,15
<<<<<<< HEAD
SBSmm/07,Sx,21
ESSFwc2/05,Bl,13.6218182
ESSFwc2/05,Pl,15
SBSmw/11,Sx,21
ESSFwc2/06,Pl,18
ESSFwc2/06,Bl,15
ESSFwc2/06,Pl,18
SBSmw/13,Sx,21
ESSFwc2/06,Bl,15
ESSFwc2/06,Pl,18
SBSwk2/05,Sx,21
ESSFwc2/07,Bl,18
ESSFwc2/07,Pl,18
ICHmk1/01,Sx,20.85066655
ESSFwc2/07,Bl,18
ESSFwc2/07,Pl,18
ICHmk1/01,Sx,20.85066655
ESSFwc2/07,Bl,18
ESSFwc2/07,Pl,18
SBSmc2/09,Sx,20.82999998
ESSFwc2/08,Bl,15
ESSFwc2/08,Pl,12
SBSmc2/09,Sx,20.82999998
ESSFwc2/08,Bl,15
ESSFwc2/08,Pl,12
SBSmw/09,Sx,20.82625008
ESSFwc2/08,Bl,15
ESSFwc2/08,Pl,12
SBSmw/09,Sx,20.82625008
ESSFwc2/09,Bl,12
ESSFwc2/09,Pl,12
ICHmk3/01,Sx,20.8058335
ESSFwc2/09,Bl,12
ESSFwc2/09,Pl,12
SBSmw/09,Sx,20.8
ESSFwc2/09,Bl,12
ESSFwc2/09,Pl,12
ICHmc2/01,Sx,20.75638885
ESSFwc3/01,Bl,17.64000007
ESSFwc3/01,Pl,17.15142877
SBSmc3/01,Sx,20.73500023
ESSFwc3/01,Bl,17.64000007
SBPSmk/06,Sx,20.68181792
ESSFwc3/02,Bl,9
ESSFwc3/02,Pl,9
SBSwk1/06,Sx,20.63777796
ESSFwc3/02,Bl,9
SBSwk1/06,Sx,20.63777796
ESSFwc3/03,Bl,15
CWHws1/11,Sx,20.62000016
ESSFwc3/03,Bl,15
IDFdk1/05,Sx,20.55272727
ESSFwc4/01,Bl,15
ESSFwc4/01,Pl,21
IDFdk2/05,Sx,20.43272738
ESSFwc4/01,Bl,15
ESSFwc4/01,Pl,21
SBSdk/06,Sx,20.37863645
ESSFwc4/02,Bl,15.33692316
ESSFwc4/02,Pl,15.97812504
SBSdk/06,Sx,20.37863645
ESSFwc4/02,Bl,15.33692316
ESSFwc4/02,Pl,15.97812504
SBSdw1/07,Sx,20.22428594
ESSFwc4/03,Bl,15
ESSFwc4/03,Pl,18
SBSdw1/07,Sx,20.22428594
ESSFwc4/03,Bl,15
ESSFwc4/03,Pl,18
SBSdw2/10,Sx,20.21999999
ESSFwc4/04,Bl,15
ESSFwc4/04,Pl,21
SBSdw2/10,Sx,20.21999999
ESSFwc4/04,Bl,15
ESSFwc4/04,Pl,21
ICHmk3/04,Sx,20.15428584
ESSFwc4/05,Bl,18
MSdk/01,Sx,20.08175008
ESSFwc4/05,Bl,18
SBSdk/07,Sx,20.0205387
ESSFwc4/06,Bl,15
SBSdk/07,Sx,20.0205387
ESSFwc4/06,Bl,15
IDFdk3/07,Sx,20.00999987
ESSFwc4/07,Bl,12
ESSFwc4/07,Pl,12
IDFdk3/07,Sx,20.00999987
ESSFwc4/07,Bl,12
ESSFwc4/07,Pl,12
CWHws2/01,Sx,20
ESSFwk1/01,Bl,19.54857091
ESSFwk1/01,Pl,19.83571434
CWHws2/01,Sx,20
ESSFwk1/01,Bl,19.54857091
ESSFwk1/01,Pl,19.83571434
CWHws2/05,Sx,20
ESSFwk1/02,Bl,9
ESSFwk1/02,Pl,12
CWHws2/05,Sx,20
ESSFwk1/02,Bl,9
ESSFwk1/02,Pl,12
SBSmw/01,Sx,20
ESSFwk1/03,Bl,12
ESSFwk1/03,Pl,19.53857149
SBSmw/01,Sx,19.96
ESSFwk1/03,Bl,12
ESSFwk1/03,Pl,19.53857149
SBSmw/01,Sx,19.96
ESSFwk1/04,Bl,20.0814288
ESSFwk1/04,Pl,18
SBSwk1/09,Sx,19.91571426
ESSFwk1/04,Bl,20.0814288
ESSFwk1/04,Pl,18
SBSwk1/09,Sx,19.91571426
ESSFwk1/05,Bl,21.74500012
ESSFwk1/05,Pl,18
SBSmk1/04,Sx,19.863857
ESSFwk1/05,Bl,21.74500012
ESSFwk1/05,Pl,18
SBSdw2/06,Sx,19.85571453
ESSFwk1/06,Bl,9
SBSdw2/06,Sx,19.85571453
ESSFwk1/06,Bl,9
ICHwk3/05,Sx,19.82875013
ESSFwk1/07,Bl,12
SBSmw/05,Sx,19.7
ESSFwk1/07,Bl,12
SBSvk/01,Sx,19.69749987
ESSFwk2/01,Bl,18.93777763
SBSmw/05,Sx,19.6650002
ESSFwk2/02,Bl,9
SBSmw/05,Sx,19.6650002
ESSFwk2/03,Bl,12
ESSFwk2/03,Pl,17.08874989
SBSwk3/06,Sx,19.57300005
ESSFwk2/04,Bl,20.832857
SBSwk3/06,Sx,19.57300005
ESSFwk2/05,Bl,19.39888912
ICHwk2/04,Sx,19.54125047
ESSFwk2/06,Bl,12
MSdm1/06,Sx,19.43666649
ESSFwm/01,Bl,12
ESSFwm/01,Pl,18
MSdm1/06,Sx,19.43666649
ESSFwm/02,Bl,12
ESSFwm/02,Pl,15
SBSmc2/06,Sx,19.33296163
=======
ESSFwc2/05,Sx,12
ESSFwc2/05,Bl,13.6218182
ESSFwc2/05,Pl,15
ESSFwc2/05,Sx,12
ESSFwc2/06,Pl,18
ESSFwc2/06,Bl,15
ESSFwc2/06,Pl,18
ESSFwc2/06,Sx,15
ESSFwc2/06,Bl,15
ESSFwc2/06,Pl,18
ESSFwc2/06,Sx,15
ESSFwc2/07,Bl,18
ESSFwc2/07,Pl,18
ESSFwc2/07,Sx,21
ESSFwc2/07,Bl,18
ESSFwc2/07,Pl,18
ESSFwc2/07,Sx,21
ESSFwc2/07,Bl,18
ESSFwc2/07,Pl,18
ESSFwc2/07,Sx,21
ESSFwc2/08,Bl,15
ESSFwc2/08,Pl,12
ESSFwc2/08,Sx,15
ESSFwc2/08,Bl,15
ESSFwc2/08,Pl,12
ESSFwc2/08,Sx,15
ESSFwc2/08,Bl,15
ESSFwc2/08,Pl,12
ESSFwc2/08,Sx,15
ESSFwc2/09,Bl,12
ESSFwc2/09,Pl,12
ESSFwc2/09,Sx,12
ESSFwc2/09,Bl,12
ESSFwc2/09,Pl,12
ESSFwc2/09,Sx,12
ESSFwc2/09,Bl,12
ESSFwc2/09,Pl,12
ESSFwc2/09,Sx,12
ESSFwc3/01,Bl,17.64000007
ESSFwc3/01,Pl,17.15142877
ESSFwc3/01,Sx,15
ESSFwc3/01,Bl,17.64000007
ESSFwc3/01,Sx,15
ESSFwc3/02,Bl,9
ESSFwc3/02,Pl,9
ESSFwc3/02,Sx,9
ESSFwc3/02,Bl,9
ESSFwc3/02,Sx,9
ESSFwc3/03,Bl,15
ESSFwc3/03,Sx,15
ESSFwc3/03,Bl,15
ESSFwc3/03,Sx,15
ESSFwc4/01,Bl,15
ESSFwc4/01,Pl,21
ESSFwc4/01,Sx,18
ESSFwc4/01,Bl,15
ESSFwc4/01,Pl,21
ESSFwc4/01,Sx,18
ESSFwc4/02,Bl,15.33692316
ESSFwc4/02,Pl,15.97812504
ESSFwc4/02,Sx,15
ESSFwc4/02,Bl,15.33692316
ESSFwc4/02,Pl,15.97812504
ESSFwc4/02,Sx,15
ESSFwc4/03,Bl,15
ESSFwc4/03,Pl,18
ESSFwc4/03,Sx,15
ESSFwc4/03,Bl,15
ESSFwc4/03,Pl,18
ESSFwc4/03,Sx,15
ESSFwc4/04,Bl,15
ESSFwc4/04,Pl,21
ESSFwc4/04,Sx,18
ESSFwc4/04,Bl,15
ESSFwc4/04,Pl,21
ESSFwc4/04,Sx,18
ESSFwc4/05,Bl,18
ESSFwc4/05,Sx,18
ESSFwc4/05,Bl,18
ESSFwc4/05,Sx,18
ESSFwc4/06,Bl,15
ESSFwc4/06,Sx,18
ESSFwc4/06,Bl,15
ESSFwc4/06,Sx,18
ESSFwc4/07,Bl,12
ESSFwc4/07,Pl,12
ESSFwc4/07,Sx,12
ESSFwc4/07,Bl,12
ESSFwc4/07,Pl,12
ESSFwc4/07,Sx,12
ESSFwk1/01,Bl,19.54857091
ESSFwk1/01,Pl,19.83571434
ESSFwk1/01,Sx,15
ESSFwk1/01,Bl,19.54857091
ESSFwk1/01,Pl,19.83571434
ESSFwk1/01,Sx,15
ESSFwk1/02,Bl,9
ESSFwk1/02,Pl,12
ESSFwk1/02,Sx,9
ESSFwk1/02,Bl,9
ESSFwk1/02,Pl,12
ESSFwk1/02,Sx,9
ESSFwk1/03,Bl,12
ESSFwk1/03,Pl,19.53857149
ESSFwk1/03,Sx,18.29571397
ESSFwk1/03,Bl,12
ESSFwk1/03,Pl,19.53857149
ESSFwk1/03,Sx,18.29571397
ESSFwk1/04,Bl,20.0814288
ESSFwk1/04,Pl,18
ESSFwk1/04,Sx,26.27111117
ESSFwk1/04,Bl,20.0814288
ESSFwk1/04,Pl,18
ESSFwk1/04,Sx,26.27111117
ESSFwk1/05,Bl,21.74500012
ESSFwk1/05,Pl,18
ESSFwk1/05,Sx,25.05099983
ESSFwk1/05,Bl,21.74500012
ESSFwk1/05,Pl,18
ESSFwk1/05,Sx,25.05099983
ESSFwk1/06,Bl,9
ESSFwk1/06,Sx,9
ESSFwk1/06,Bl,9
ESSFwk1/06,Sx,9
ESSFwk1/07,Bl,12
ESSFwk1/07,Sx,15
ESSFwk1/07,Bl,12
ESSFwk1/07,Sx,15
ESSFwk2/01,Bl,18.93777763
ESSFwk2/01,Sx,15
ESSFwk2/02,Bl,9
ESSFwk2/02,Sx,9
ESSFwk2/03,Bl,12
ESSFwk2/03,Pl,17.08874989
ESSFwk2/03,Sx,12
ESSFwk2/04,Bl,20.832857
ESSFwk2/04,Sx,15
ESSFwk2/05,Bl,19.39888912
ESSFwk2/05,Sx,15
ESSFwk2/06,Bl,12
ESSFwk2/06,Sx,12
ESSFwm/01,Bl,12
ESSFwm/01,Pl,18
ESSFwm/01,Sx,15
ESSFwm/02,Bl,12
ESSFwm/02,Pl,15
ESSFwm/02,Sx,15
>>>>>>> 2ed40677db29e17cc3a0f599b8e0825f540dd60b
ESSFwm/03,Lw,18
ESSFwm/03,Bl,12
ESSFwm/03,Fd,18
ESSFwm/03,Hw,15
ESSFwm/03,Pl,18
ESSFwm/03,Pw,18
<<<<<<< HEAD
SBSmc2/06,Sx,19.33296163
ESSFwm/04,Bl,15
ESSFwm/04,Pl,18
SBSmc2/06,Sx,19.33296163
ESSFwv/01,Bl,13.65666672
ESSFwv/01,Pl,12
SBPSmk/04,Sx,19.23428576
ESSFwv/02,Pl,9
IDFdk3/01,Sx,19.15375006
ESSFwv/03,Bl,9
ESSFwv/03,Pl,9
SBSdw2/01,Sx,19.15299969
ESSFwv/04,Bl,12
ESSFwv/04,Pl,12
SBSdw2/01,Sx,19.15299969
ESSFwv/05,Bl,12
ESSFwv/05,Pl,12
SBSdw3/06,Sx,19.12111123
ESSFwv/06,Bl,12
ESSFwv/06,Pl,15
IDFdk4/10,Sx,19.11714281
ESSFwv/07,Bl,9
SBSmk1/01,Sx,19.10135012
ESSFwv/08,Bl,9
SBSmc2/04,Sx,18.97571414
ESSFwv/09,Bl,9
SBSmc2/04,Sx,18.97571414
ESSFxc/01,Bl,15.41666667
ESSFxc/01,Pl,15
SBSwk3/04,Sx,18.95571409
ESSFxc/02,Bl,9
ESSFxc/02,Pl,12
SBSwk3/04,Sx,18.95571409
ESSFxc/05,Bl,12
ESSFxc/05,Pl,13.74714279
SBSwk1/04,Sx,18.94285692
ESSFxc/06,Bl,12
ESSFxc/06,Pl,15
SBSwk1/04,Sx,18.94285692
ESSFxc/07,Bl,15
ESSFxc/07,Pl,18
SBSmw/04,Sx,18.9
ESSFxc/08,Bl,12
ESSFxc/08,Pl,9
SBSvk/05,Sx,18.89714282
=======
ESSFwm/03,Sx,15
ESSFwm/04,Bl,15
ESSFwm/04,Pl,18
ESSFwm/04,Sx,18
ESSFwv/01,Bl,13.65666672
ESSFwv/01,Pl,12
ESSFwv/01,Sx,13.38000011
ESSFwv/02,Pl,9
ESSFwv/02,Sx,9
ESSFwv/03,Bl,9
ESSFwv/03,Pl,9
ESSFwv/03,Sx,9
ESSFwv/04,Bl,12
ESSFwv/04,Pl,12
ESSFwv/04,Sx,12
ESSFwv/05,Bl,12
ESSFwv/05,Pl,12
ESSFwv/05,Sx,12
ESSFwv/06,Bl,12
ESSFwv/06,Pl,15
ESSFwv/06,Sx,18.61142812
ESSFwv/07,Bl,9
ESSFwv/07,Sx,9
ESSFwv/08,Bl,9
ESSFwv/08,Sx,9
ESSFwv/09,Bl,9
ESSFwv/09,Sx,9
ESSFxc/01,Bl,15.41666667
ESSFxc/01,Pl,15
ESSFxc/01,Sx,12
ESSFxc/02,Bl,9
ESSFxc/02,Pl,12
ESSFxc/02,Sx,9
ESSFxc/05,Bl,12
ESSFxc/05,Pl,13.74714279
ESSFxc/05,Sx,12
ESSFxc/06,Bl,12
ESSFxc/06,Pl,15
ESSFxc/06,Sx,14.93285738
ESSFxc/07,Bl,15
ESSFxc/07,Pl,18
ESSFxc/07,Sx,14.98571409
ESSFxc/08,Bl,12
ESSFxc/08,Pl,9
ESSFxc/08,Sx,9
>>>>>>> 2ed40677db29e17cc3a0f599b8e0825f540dd60b
ESSFxv1/01,Bl,12
ESSFxv1/01,Pl,15
SBSmk1/09,Sx,18.887143
ESSFxv1/01,Bl,12
ESSFxv1/01,Pa,9
ESSFxv1/01,Pl,15
<<<<<<< HEAD
ESSFmc/06,Sx,18.86999977
=======
ESSFxv1/01,Sx,12
>>>>>>> 2ed40677db29e17cc3a0f599b8e0825f540dd60b
ESSFxv1/02,Bl,6
ESSFxv1/02,Pa,6
ESSFxv1/02,Pl,9
ESSFxv1/03,Pl,9
ESSFxv1/04,Bl,9
ESSFxv1/04,Pa,9
ESSFxv1/04,Pl,9
ESSFxv1/05,Bl,10.02125001
ESSFxv1/05,Pl,12.15499997
ESSFxv1/05,Bl,9
ESSFxv1/05,Pa,9
ESSFxv1/05,Pl,12
ESSFxv1/06,Bl,12
ESSFxv1/06,Pa,9
ESSFxv1/06,Pl,12
<<<<<<< HEAD
SBSdw2/08,Sx,18.86857142
ESSFxv1/07,Bl,12
ESSFxv1/07,Pl,15
SBSdw2/08,Sx,18.86857142
ESSFxv1/08,Pl,12
SBSmc2/10,Sx,18.86735305
ESSFxv1/09,Bl,9
ESSFxv1/09,Pl,12
SBSmc2/10,Sx,18.86735305
ESSFxv2/01,Bl,12
ESSFxv2/01,Pa,9
ESSFxv2/01,Pl,15
SBSmw/04,Sx,18.85142885
=======
ESSFxv1/06,Sx,12
ESSFxv1/07,Bl,12
ESSFxv1/07,Pl,15
ESSFxv1/07,Sx,15
ESSFxv1/08,Pl,12
ESSFxv1/08,Sx,12
ESSFxv1/09,Bl,9
ESSFxv1/09,Pl,12
ESSFxv1/09,Sx,15
ESSFxv2/01,Bl,12
ESSFxv2/01,Pa,9
ESSFxv2/01,Pl,15
ESSFxv2/01,Sx,15
>>>>>>> 2ed40677db29e17cc3a0f599b8e0825f540dd60b
ESSFxv2/02,Bl,6
ESSFxv2/02,Pa,6
ESSFxv2/02,Pl,9
ESSFxv2/03,Pa,6
ESSFxv2/03,Pl,9
ESSFxv2/04,Bl,9
ESSFxv2/04,Pa,6
ESSFxv2/04,Pl,12
ESSFxv2/05,Bl,9
ESSFxv2/05,Pa,6
ESSFxv2/05,Pl,12
<<<<<<< HEAD
SBSmw/04,Sx,18.85142885
ESSFxv2/06,Bl,12
ESSFxv2/06,Pa,9
ESSFxv2/06,Pl,15
SBSwk3/03,Sx,18.84375012
ESSFxv2/07,Bl,15
ESSFxv2/07,Pl,15
SBSmc2/01,Sx,18.82604006
ESSFxv2/08,Pl,12
SBSmc2/01,Sx,18.82604006
ESSFxv2/09,Bl,9
SBSmc2/01,Sx,18.82604006
ESSFxv2/10,Pl,12
SBSdw3/01,Sx,18.81722228
=======
ESSFxv2/05,Sx,9
ESSFxv2/06,Bl,12
ESSFxv2/06,Pa,9
ESSFxv2/06,Pl,15
ESSFxv2/06,Sx,12
ESSFxv2/07,Bl,15
ESSFxv2/07,Pl,15
ESSFxv2/07,Sx,15
ESSFxv2/08,Pl,12
ESSFxv2/08,Sx,15
ESSFxv2/09,Bl,9
ESSFxv2/09,Sx,12
ESSFxv2/10,Pl,12
ESSFxv2/10,Sx,12
>>>>>>> 2ed40677db29e17cc3a0f599b8e0825f540dd60b
ICHdk/01,Bl,20.73142842
ICHdk/01,Fd,23.5733331
ICHdk/01,Pl,22.89999986
SBSmc3/07,Sx,18.71571405
ICHdk/02,Fd,15
ICHdk/02,Pl,15
ICHdk/03,Pl,18
ICHdk/04,Fd,23.87142863
ICHdk/04,Pl,23.01142829
ESSFwv/06,Sx,18.61142812
ICHdk/05,Fd,25.98714311
ICHdk/05,Pl,25.3228569
IDFxm/08,Sx,18.47571441
ICHdw/01,Fd,
ICHdw/01,Pl,
ICHdw/01a,Bg,18
ICHdw/01a,Bl,18
ICHdw/01a,Cw,15
ICHdw/01a,Fd,24
ICHdw/01a,Hw,18
ICHdw/01a,Pl,21
ICHdw/01a,Pw,21
ICHdw/01b,Bg,21
ICHdw/01b,Bl,24
ICHdw/01b,Cw,18
ICHdw/01b,Fd,25.5
ICHdw/01b,Hw,18
ICHdw/01b,Pl,24.5
ICHdw/01b,Pw,24
SBPSdc/01,Sx,18.40571458
ICHdw/02,Cw,18
ICHdw/02,Fd,15
ICHdw/02,Hw,18
ICHdw/02,Pl,21
ICHdw/03,Bg,21
ICHdw/03,Bl,21
ICHdw/03,Cw,18
ICHdw/03,Fd,27
ICHdw/03,Hw,21
ICHdw/03,Pl,24
ICHdw/03,Pw,24
MSxv/06,Sx,18.37599993
ICHdw/04,Bg,21
ICHdw/04,Bl,21
ICHdw/04,Cw,21
ICHdw/04,Fd,27
ICHdw/04,Hw,18
ICHdw/04,Pl,24
ICHdw/04,Pw,27
SBSwk1/03,Sx,18.3671424
ICHdw1/01a,Lw,21
ICHdw1/101,Lw,
ICHdw1/101,Py,21
ICHdw1/102,Py,21
ICHdw1/102,Lw,27
ICHdw1/110,Lw,24
ICHdw1/110,Py,24
ICHdw1/112,Lw,27
ICHmc1/01,Bl,18.99315799
ICHmc1/01,Hw,21.37285723
ICHmc1/01,Pl,21.36466638
SBSwk1/03,Sx,18.3671424
ICHmc1/02,Bl,16.97571441
ICHmc1/02,Hw,17.08571407
ICHmc1/02,Pl,19.60555564
ICHmc1/03,Bl,18.5224998
ICHmc1/03,Hw,22.06714249
ICHmc1/03,Pl,21.61642838
ESSFwk1/03,Sx,18.29571397
ICHmc1/04,Bl,20.92000008
ICHmc1/04,Hw,21.27428573
ICHmc1/04,Pl,20.81571415
ESSFwk1/03,Sx,18.29571397
ICHmc1/05,Bl,21
ICHmc1/05,Pl,21
ESSFwc1/01,Sx,18.27421053
ICHmc1/06,Bl,15
ICHmc1/06,Hw,15
ESSFwc1/01,Sx,18.27421053
ICHmc1a/01,Hw,15
ICHmc1a/01,Pl,21
SBPSmc/01,Sx,18.25428568
ICHmc1a/02,Hw,15
ICHmc1a/02,Pl,21
SBPSxc/06,Sx,18.14428547
ICHmc1a/03,Hw,18
ICHmc1a/03,Pl,24
ESSFdc2/06,Sx,18.13444434
ICHmc2/01,Bl,19.0386666
ICHmc2/01,Cw,16.82986654
ICHmc2/01,Hw,17.54666666
ICHmc2/01,Pl,20.31727278
SBPSdc/06,Sx,18.08333344
ICHmc2/02,Bl,12
ICHmc2/02,Hw,12
ICHmc2/02,Pl,15
SBSdk/05,Sx,18.05384629
ICHmc2/03,Bl,21.48857171
ICHmc2/03,Cw,18.77428559
ICHmc2/03,Hw,18.72499979
ICHmc2/03,Pl,24.17857143
SBSdk/05,Sx,18.05384629
ICHmc2/04,Bl,21.36142867
ICHmc2/04,Cw,20.14285728
ICHmc2/04,Hw,23.76285689
ICHmc2/04,Pl,21
SBSdk/01,Sx,18.00429406
ICHmc2/05,Bl,22.72571455
ICHmc2/05,Cw,20.90714346
ICHmc2/05,Hw,24.04857145
ICHmc2/05,Pl,24
SBSdk/01,Sx,18.00429406
ICHmc2/06,Bl,21
ICHmc2/06,Cw,21
ICHmc2/06,Hw,18
ICHmc2/06,Pl,21
BWBSdk/112,Sx,18
ICHmc2/07,Bl,15
ICHmc2/07,Cw,18
ICHmc2/07,Hw,15
ICHmc2/07,Pl,15
BWBSdk/112,Sx,18
ICHmc2/51,Hw,15
ICHmc2/51,Pl,18
ICHmc2/52,Bl,18
ICHmc2/52,Cw,15
ICHmc2/52,Hw,15
ICHmc2/52,Pl,21.63200035
BWBSmk/110,Sx,18
ICHmc2/53,Bl,18
ICHmc2/53,Cw,15
ICHmc2/53,Hw,15
ICHmc2/53,Pl,21
BWBSmk/110,Sx,18
ICHmc2/54,Bl,21
ICHmc2/54,Cw,18
ICHmc2/54,Hw,15
ICHmc2/54,Pl,21
BWBSmk/111,Sx,18
ICHmk1/01,Bl,16.00125003
ICHmk1/01,Cw,15
ICHmk1/01,Fd,20.50764707
ICHmk1/01,Pl,19.82444445
BWBSmk/111,Sx,18
ICHmk1/01,Lw,23.72857148
ICHmk1/01,Lw,23.72857148
ICHmk1/01,Bl,16.00125003
ICHmk1/01,Cw,15
ICHmk1/01,Fd,20.50764707
ICHmk1/01,Pl,19.82444445
BWBSmk/112,Sx,18
ICHmk1/01-YS,Bl,18
ICHmk1/01-YS,Cw,15
ICHmk1/01-YS,Fd,21
ICHmk1/01-YS,Pl,21
BWBSmk/112,Sx,18
ICHmk1/01-YS,Lw,21
ICHmk1/02,Fd,15
ICHmk1/02,Pl,18
ICHmk1/02,Py,15
ICHmk1/02,Fd,15
ICHmk1/02,Pl,18
ICHmk1/03,Bl,15
ICHmk1/03,Fd,17.83714294
ICHmk1/03,Pl,21
BWBSmw/103,Sx,18
ICHmk1/03,Lw,21
ICHmk1/03,Lw,21
ICHmk1/03,Py,18
ICHmk1/03,Bl,15
ICHmk1/03,Fd,17.83714294
ICHmk1/03,Pl,21
BWBSmw/110,Sx,18
ICHmk1/04,Bl,18.1114284
ICHmk1/04,Cw,12
ICHmk1/04,Fd,22.53999986
ICHmk1/04,Pl,20.21000024
BWBSmw/111,Sx,18
ICHmk1/04,Lw,21
ICHmk1/04,Lw,21
ICHmk1/04,Bl,18.1114284
ICHmk1/04,Cw,12
ICHmk1/04,Fd,22.53999986
ICHmk1/04,Pl,20.21000024
BWBSmw/112,Sx,18
ICHmk1/05,At,23.04249978
ICHmk1/05,Bl,21
ICHmk1/05,Cw,17.34142862
ICHmk1/05,Fd,24.95874977
ICHmk1/05,Pl,24.74749994
BWBSwk1/110,Sx,18
ICHmk1/05,Lw,24.44375038
ICHmk1/05,Lw,24.44375038
ICHmk1/05,At,23.04249978
ICHmk1/05,Bl,21
ICHmk1/05,Cw,17.34142862
ICHmk1/05,Fd,24.95874977
ICHmk1/05,Pl,24.74749994
ESSFmm1/06,Sx,18
ICHmk1/06,Bl,21
ICHmk1/06,Cw,18
ICHmk1/06,Fd,24
ICHmk1/06,Pl,24
ESSFmw/07,Sx,18
ICHmk1/06,Lw,24
ICHmk1/06,Lw,24
ICHmk1/06,Bl,21
ICHmk1/06,Cw,18
ICHmk1/06,Fd,24
ICHmk1/06,Pl,24
ESSFmw/07,Sx,18
ICHmk1/07,Bl,18
ICHmk1/07,Cw,15
ICHmk1/07,Pl,21
ESSFmw/08,Sx,18
ICHmk1/07,Bl,18
ICHmk1/07,Cw,15
ICHmk1/07,Pl,21
ESSFmw/08,Sx,18
ICHmk2/01,Bl,18
ICHmk2/01,Cw,15
ICHmk2/01,Fd,18
ICHmk2/01,Pl,21
ESSFvc/04,Sx,18
ICHmk2/02,Fd,15
ICHmk2/02,Pl,18
ICHmk2/03,Bl,15
ICHmk2/03,Fd,18
ICHmk2/03,Pl,21
ESSFvc/04,Sx,18
ICHmk2/04,Cw,12
ICHmk2/04,Fd,18
ICHmk2/04,Pl,21
ESSFvc/05,Sx,18
ICHmk2/05,Bl,21
ICHmk2/05,Cw,18
ICHmk2/05,Fd,21
ICHmk2/05,Pl,24
ESSFvc/05,Sx,18
ICHmk2/06,Bl,18
ICHmk2/06,Cw,15
ICHmk2/06,Pl,21
ESSFwc4/01,Sx,18
ICHmk3/01,Bl,20.03125036
ICHmk3/01,Cw,16.40571404
ICHmk3/01,Fd,22.92583338
ICHmk3/01,Pl,23.65714291
ESSFwc4/01,Sx,18
ICHmk3/02,Fd,15
ICHmk3/02,Pl,18
ICHmk3/03,Fd,19.64285714
ICHmk3/03,Pl,21
ICHmk3/04,Bl,20.47875023
ICHmk3/04,Fd,23.75142833
ICHmk3/04,Pl,24
ESSFwc4/04,Sx,18
ICHmk3/05,Bl,18.8485715
ICHmk3/05,Pl,21
ESSFwc4/04,Sx,18
ICHmk3/06,Bl,23.17285701
ICHmk3/06,Fd,21
ICHmk3/06,Pl,21
ESSFwc4/05,Sx,18
ICHmk3/07,Pl,21
ESSFwc4/05,Sx,18
ICHmm/01,Bl,20.51374948
ICHmm/01,Cw,17.32714285
ICHmm/01,Fd,22.86266658
ICHmm/01,Hw,20.75571428
ICHmm/01,Pl,23.60428565
ESSFwc4/06,Sx,18
ICHmm/02,Bl,12
ICHmm/02,Cw,12
ICHmm/02,Fd,15
ICHmm/02,Hw,12
ICHmm/02,Pl,15
ESSFwc4/06,Sx,18
ICHmm/03,Bl,20.27857127
ICHmm/03,Cw,12
ICHmm/03,Fd,21.89374948
ICHmm/03,Hw,15
ICHmm/03,Pl,22.01700001
ESSFwm/04,Sx,18
ICHmm/04,Bl,15
ICHmm/04,Cw,15
ICHmm/04,Fd,21
ICHmm/04,Hw,18
ICHmm/04,Pl,21
ICHmm/04,Pw,21
ICHmk1/01-YS,Sx,18
ICHmm/05,Bl,18
ICHmm/05,Cw,18
ICHmm/05,Fd,24
ICHmm/05,Hw,18
ICHmm/05,Pl,24
ICHmk1/03,Sx,18
ICHmm/06,Bl,18
ICHmm/06,Cw,18
ICHmm/06,Hw,18
ICHmm/06,Pl,21
ICHmk1/03,Sx,18
ICHmm/07,Pl,15
ICHmm/07,Sb,12
ICHmk1/07,Sx,18
ICHmm/08,Bl,18
ICHmm/08,Cw,18
ICHmm/08,Pl,15
ICHmk1/07,Sx,18
ICHmw1/01,Bl,18
ICHmw1/01,Cw,18
ICHmw1/01,Fd,24
ICHmw1/01,Hw,18
ICHmw1/01,Pl,24
ICHmw1/01,Pw,24
ICHmk2/01,Sx,18
ICHmw1/02,Bl,15
ICHmw1/02,Cw,12
ICHmw1/02,Fd,18
ICHmw1/02,Hw,12
ICHmw1/02,Pl,18
ICHmw1/02,Pw,18
ICHmk2/03,Sx,18
ICHmw1/03,Bl,18
ICHmw1/03,Cw,15
ICHmw1/03,Fd,21
ICHmw1/03,Hw,15
ICHmw1/03,Pl,21
ICHmw1/03,Pw,21
ICHmk2/04,Sx,18
ICHmw1/04,Bl,18
ICHmw1/04,Cw,15
ICHmw1/04,Fd,21
ICHmw1/04,Hw,15
ICHmw1/04,Pl,21
ICHmw1/04,Pw,21
ICHmk2/06,Sx,18
ICHmw1/05,Bl,21
ICHmw1/05,Cw,18
ICHmw1/05,Fd,24
ICHmw1/05,Hw,18
ICHmw1/05,Pl,24
ICHmw1/05,Pw,24
ICHmm/04,Sx,18
ICHmw1/06,Bl,21
ICHmw1/06,Cw,18
ICHmw1/06,Fd,24
ICHmw1/06,Hw,18
ICHmw1/06,Pl,24
ICHmw1/06,Pw,21
ICHmm/08,Sx,18
ICHmw1/07,Bl,18
ICHmw1/07,Cw,15
ICHmw1/07,Hw,15
ICHmw1/07,Pl,21
ICHmw1/03,Sx,18
ICHmw2/01,Bl,19.44249988
ICHmw2/01,Cw,18
ICHmw2/01,Fd,24.29636366
ICHmw2/01,Hw,19.13399992
ICHmw2/01,Pl,24
ICHmw2/01,Pw,24
ICHmw1/04,Sx,18
ICHmw2/01,Bl,19.44249988
ICHmw2/01,Cw,18
ICHmw2/01,Fd,24.29636366
ICHmw2/01,Hw,19.13399992
ICHmw2/01,Pl,24
ICHmw2/01,Pw,24
ICHmw1/07,Sx,18
ICHmw2/01-YS,Bl,18
ICHmw2/01-YS,Cw,18
ICHmw2/01-YS,Fd,24
ICHmw2/01-YS,Hw,18
ICHmw2/01-YS,Pl,24
ICHmw2/01-YS,Pw,24
ICHmw2/01,Sx,18
ICHmw2/02,Bl,15
ICHmw2/02,Cw,15
ICHmw2/02,Fd,22.40000018
ICHmw2/02,Hw,19.43071461
ICHmw2/02,Pl,21.20727262
ICHmw2/02,Pw,24
ICHmw2/01,Sx,18
ICHmw2/03,Bl,18
ICHmw2/03,Cw,18
ICHmw2/03,Fd,21
ICHmw2/03,Hw,18
ICHmw2/03,Pl,24
ICHmw2/03,Pw,24
ICHmw2/01-YS,Sx,18
ICHmw2/03,Bl,15
ICHmw2/03,Cw,15
ICHmw2/03,Fd,22.40000018
ICHmw2/03,Hw,19.43071461
ICHmw2/03,Pl,21.20727262
ICHmw2/03,Pw,24
ICHmw2/03,Sx,18
ICHmw2/04,Bl,21
ICHmw2/04,Cw,18
ICHmw2/04,Fd,24
ICHmw2/04,Hw,18
ICHmw2/04,Pl,24
ICHmw2/04,Pw,27
ICHmw2/04,Sx,18
ICHmw2/04,Bl,18
ICHmw2/04,Cw,18
ICHmw2/04,Fd,21
ICHmw2/04,Hw,18
ICHmw2/04,Pl,24
ICHmw2/04,Pw,24
ICHmw2/07,Sx,18
ICHmw2/05,Bl,21
ICHmw2/05,Cw,27
ICHmw2/05,Fd,27
ICHmw2/05,Hw,21
ICHmw2/05,Pl,27
ICHmw2/05,Pw,27
ICHmw2/08,Sx,18
ICHmw2/05,Bl,21
ICHmw2/05,Cw,18
ICHmw2/05,Fd,24
ICHmw2/05,Hw,18
ICHmw2/05,Pl,24
ICHmw2/05,Pw,27
ICHmw3/01,Sx,18
ICHmw2/06,Bl,18
ICHmw2/06,Hw,15
ICHmw3/01,Sx,18
ICHmw2/06,Bl,21
ICHmw2/06,Cw,27
ICHmw2/06,Fd,27
ICHmw2/06,Hw,21
ICHmw2/06,Pl,27
ICHmw2/06,Pw,27
ICHmw3/01-YC,Sx,18
ICHmw2/07,Bl,18
ICHmw2/07,Hw,15
ICHmw3/01-YC,Sx,18
ICHmw2/07,Bl,18
ICHmw2/07,Hw,15
ICHmw3/04,Sx,18
ICHmw2/08,Bl,18
ICHmw2/08,Hw,15
ICHmw3/04,Sx,18
ICHmw2/101,Lw,26.92571449
ICHmw2/101,Lw,26.92571449
ICHmw2/102,Lw,21.05562484
ICHmw2/103,Lw,22.29499969
ICHmw2/103,Lw,21.05562484
ICHmw2/110,Lw,24
ICHmw2/110,Lw,22.29499969
ICHmw2/111,Lw,27
ICHmw2/111,Lw,24
ICHmw2/112,Lw,27
ICHmw3/01,Bl,18
ICHmw3/01,Cw,15
ICHmw3/01,Fd,21
ICHmw3/01,Hw,19.43444422
ICHmw3/01,Pl,21
ICHmw3/01,Pw,24
ICHmw3/05,Sx,18
ICHmw3/01,Bl,18
ICHmw3/01,Cw,15
ICHmw3/01,Fd,21
ICHmw3/01,Hw,19.43444422
ICHmw3/01,Pl,21
ICHmw3/01,Pw,24
ICHmw3/05,Sx,18
ICHmw3/01-YC,Bl,18
ICHmw3/01-YC,Cw,15
ICHmw3/01-YC,Fd,21
ICHmw3/01-YC,Hw,18
ICHmw3/01-YC,Pl,21
ICHmw3/01-YC,Pw,24
ICHmw3/08,Sx,18
ICHmw3/01-YC,Bl,18
ICHmw3/01-YC,Cw,15
ICHmw3/01-YC,Fd,21
ICHmw3/01-YC,Hw,18
ICHmw3/01-YC,Pl,21
ICHmw3/01-YC,Pw,24
ICHmw3/08,Sx,18
ICHmw3/02,Fd,15
ICHmw3/02,Pl,18
ICHmw3/02,Fd,15
ICHmw3/02,Pl,18
ICHmw3/03,Bl,15
ICHmw3/03,Cw,15
ICHmw3/03,Fd,18
ICHmw3/03,Pl,21
ICHvc/02,Sx,18
ICHmw3/03,Bl,15
ICHmw3/03,Cw,15
ICHmw3/03,Fd,18
ICHmw3/03,Pl,21
ICHvc/03,Sx,18
ICHmw3/04,Cw,15
ICHmw3/04,Fd,21
ICHmw3/04,Pl,21
ICHmw3/04,Pw,21
ICHvc/06,Sx,18
ICHmw3/04,Lw,21
ICHmw3/04,Cw,15
ICHmw3/04,Fd,21
ICHmw3/04,Hw,15
ICHmw3/04,Pl,21
ICHmw3/04,Pw,21
ICHvk1/06,Sx,18
ICHmw3/05,Bl,18
ICHmw3/05,Cw,15
ICHmw3/05,Fd,21
ICHmw3/05,Hw,18
ICHmw3/05,Pl,21
ICHmw3/05,Pw,21
ICHvk1/06,Sx,18
ICHmw3/05,Bl,18
ICHmw3/05,Cw,15
ICHmw3/05,Fd,21
ICHmw3/05,Hw,18
ICHmw3/05,Pl,21
ICHmw3/05,Pw,21
ICHvk2/06,Sx,18
ICHmw3/06,Bl,21
ICHmw3/06,Cw,18
ICHmw3/06,Fd,24
ICHmw3/06,Hw,18
ICHmw3/06,Pl,24
ICHmw3/06,Pw,24
ICHwk1/03,Sx,18
ICHmw3/06,Bl,21
ICHmw3/06,Cw,18
ICHmw3/06,Fd,24
ICHmw3/06,Hw,18
ICHmw3/06,Pl,24
ICHmw3/06,Pw,24
ICHwk1/03,Sx,18
ICHmw3/07,Bl,21
ICHmw3/07,Cw,18
ICHmw3/07,Fd,27
ICHmw3/07,Hw,18
ICHmw3/07,Pw,27
ICHwk1/07,Sx,18
ICHmw3/07,Bl,21
ICHmw3/07,Cw,18
ICHmw3/07,Fd,27
ICHmw3/07,Hw,18
ICHmw3/07,Pw,27
ICHwk1/08,Sx,18
ICHmw3/08,Bl,15
ICHmw3/08,Cw,15
ICHmw3/08,Hw,15
ICHwk1/08,Sx,18
ICHmw3/08,Bl,15
ICHmw3/08,Cw,15
ICHmw3/08,Hw,15
ICHwk3/09,Sx,18
ICHvc/01,Bl,19.92374992
ICHvc/01,Hw,19.19375014
ICHwk4/08,Sx,18
ICHvc/02,Bl,20.63374996
ICHvc/02,Hw,20.41714232
ICHwk4/08,Sx,18
ICHvc/03,Bl,18
IDFdk2/07,Sx,18
ICHvc/04,Bl,21
IDFdm1/05,Sx,18
ICHvc/05,Bl,21
IDFdm1/05,Sx,18
ICHvc/06,Bl,15
IDFdm2/04,Sx,18
ICHvk1/01,Bl,21
ICHvk1/01,Cw,21
ICHvk1/01,Fd,24
ICHvk1/01,Hw,18
ICHvk1/01,Pw,24
IDFmw1/01,Sx,18
ICHvk1/01,Bl,21
ICHvk1/01,Cw,21
ICHvk1/01,Fd,24
ICHvk1/01,Hw,18
ICHvk1/01,Pw,24
IDFmw1/01-YC,Sx,18
ICHvk1/02,Bl,18
ICHvk1/02,Fd,24
ICHvk1/02,Hw,18
ICHvk1/02,Pw,24
IDFmw2/01,Sx,18
ICHvk1/03,Bl,18
ICHvk1/03,Cw,18
ICHvk1/03,Fd,24
ICHvk1/03,Hw,18
ICHvk1/03,Pw,24
IDFmw2/05,Sx,18
ICHvk1/03,Bl,18
ICHvk1/03,Cw,18
ICHvk1/03,Fd,24
ICHvk1/03,Hw,18
ICHvk1/03,Pw,24
IDFxh1/08,Sx,18
ICHvk1/04,Bl,21
ICHvk1/04,Cw,18
ICHvk1/04,Fd,27
ICHvk1/04,Hw,18
ICHvk1/04,Pw,27
IDFxh2/07,Sx,18
ICHvk1/04,Bl,21
ICHvk1/04,Cw,18
ICHvk1/04,Fd,27
ICHvk1/04,Hw,18
ICHvk1/04,Pw,27
IDFxm/09,Sx,18
ICHvk1/05,Bl,18
ICHvk1/05,Cw,15
ICHvk1/05,Hw,15
ICHvk1/05,Pw,24
IDFxw/06,Sx,18
ICHvk1/05,Bl,18
ICHvk1/05,Cw,15
ICHvk1/05,Hw,15
ICHvk1/05,Pw,24
MSdc/04,Sx,18
ICHvk1/06,Bl,15
ICHvk1/06,Cw,15
ICHvk1/06,Hw,15
MSdk/06,Sx,18
ICHvk1/06,Bl,15
ICHvk1/06,Cw,15
ICHvk1/06,Hw,15
MSdm1/05,Sx,18
ICHvk2/01,Bl,15
ICHvk2/01,Cw,16.58857128
ICHvk2/01,Fd,24.08714294
ICHvk2/01,Hw,20.53142861
ICHvk2/01,Pl,24
MSdm1/05,Sx,18
ICHvk2/02,Cw,12
ICHvk2/02,Hw,12
ICHvk2/02,Pl,15
PPdh1/05,Sx,18
ICHvk2/03,Bl,12
ICHvk2/03,Cw,12
ICHvk2/03,Fd,15
ICHvk2/03,Hw,12
ICHvk2/03,Pl,15
PPdh2/04,Sx,18
ICHvk2/04,Bl,15
ICHvk2/04,Cw,12
ICHvk2/04,Fd,18
ICHvk2/04,Hw,15
ICHvk2/04,Pl,18
SBSdw1/05,Sx,18
ICHvk2/05,Bl,15
ICHvk2/05,Cw,18
ICHvk2/05,Hw,18
ICHvk2/05,Pl,21
SBSdw1/05,Sx,18
ICHvk2/06,Bl,18
ICHvk2/06,Cw,18
ICHvk2/06,Hw,15
ICHvk2/06,Pl,18
SBSdw2/05,Sx,18
ICHvk2/07,Pl,15
ICHvk2/07,Sb,12
SBSdw2/05,Sx,18
ICHwc/01,Bl,18
ICHwc/01,Hw,15
ICHwc/01,Pl,21
SBSdw3/09,Sx,18
ICHwc/02,Hw,12
ICHwc/02,Pl,15
ICHwc/03,Bl,18
ICHwc/03,Hw,15
ICHwc/03,Pl,21
SBSmc1/01,Sx,18
ICHwc/04,Bl,18
ICHwc/04,Hw,18
ICHwc/04,Pl,24
SBSmc2/11,Sx,18
ICHwc/05,Bl,18
ICHwc/05,Hw,18
SBSmc2/11,Sx,18
ICHwc/06,Bl,21
SBSmh/05,Sx,18
ICHwc/08,Bl,15
ICHwc/08,Hw,15
SBSmh/05,Sx,18
ICHwk1/01,Bl,21
ICHwk1/01,Cw,19.00229998
ICHwk1/01,Fd,24
ICHwk1/01,Hw,20.25200005
ICHwk1/01,Pl,24
ICHwk1/01,Pw,24
SBSmk2/01,Sx,18
ICHwk1/01,Bl,21
ICHwk1/01,Cw,19.00229998
ICHwk1/01,Fd,24
ICHwk1/01,Hw,20.25200005
ICHwk1/01,Pl,24
ICHwk1/01,Pw,24
SBSmm/01,Sx,18
ICHwk1/01,Bl,21
ICHwk1/01,Cw,19.00229998
ICHwk1/01,Fd,24
ICHwk1/01,Hw,20.25200005
ICHwk1/01,Pl,24
ICHwk1/01,Pw,24
SBSmm/08,Sx,18
ICHwk1/02,Bl,15
ICHwk1/02,Cw,15
ICHwk1/02,Hw,15
ICHwk1/02,Pl,18
ICHwk1/03,Bl,18
ICHwk1/03,Cw,15
ICHwk1/03,Fd,21
ICHwk1/03,Hw,15
ICHwk1/03,Pl,21
ICHwk1/03,Pw,24
SBSvk/06,Sx,18
ICHwk1/03,Bl,18
ICHwk1/03,Cw,15
ICHwk1/03,Fd,21
ICHwk1/03,Hw,15
ICHwk1/03,Pl,21
ICHwk1/03,Pw,24
SBSvk/07,Sx,18
ICHwk1/04,Bl,18
ICHwk1/04,Cw,18
ICHwk1/04,Fd,24.73428535
ICHwk1/04,Hw,18
ICHwk1/04,Pl,21
ICHwk1/04,Pw,24
SBSwk1/08,Sx,18
ICHwk1/04,Bl,18
ICHwk1/04,Cw,18
ICHwk1/04,Fd,24.73428535
ICHwk1/04,Hw,18
ICHwk1/04,Pl,21
ICHwk1/04,Pw,24
SBSwk1/08,Sx,18
ICHwk1/04,Bl,18
ICHwk1/04,Cw,18
ICHwk1/04,Fd,24.73428535
ICHwk1/04,Hw,18
ICHwk1/04,Pl,21
ICHwk1/04,Pw,24
SBSwk2/03,Sx,18
ICHwk1/05,Bl,21
ICHwk1/05,Cw,21
ICHwk1/05,Fd,24
ICHwk1/05,Hw,18
ICHwk1/05,Pw,27
SBPSxc/01,Sx,17.87100019
ICHwk1/05,Bl,21
ICHwk1/05,Cw,21
ICHwk1/05,Fd,24
ICHwk1/05,Hw,18
ICHwk1/05,Pw,27
IDFdk2/01,Sx,17.61000008
ICHwk1/05,Bl,21
ICHwk1/05,Cw,21
ICHwk1/05,Fd,24
ICHwk1/05,Hw,18
ICHwk1/05,Pw,27
MSxv/05,Sx,17.5285714
ICHwk1/06,Bl,18
ICHwk1/06,Cw,15
ICHwk1/06,Hw,15
ICHmc2/02,Sx,17.48571478
ICHwk1/06,Bl,18
ICHwk1/06,Cw,15
ICHwk1/06,Hw,15
SBPSdc/08,Sx,17.24571419
ICHwk1/06,Bl,18
ICHwk1/06,Cw,15
ICHwk1/06,Hw,15
SBPSdc/05,Sx,17.22624993
ICHwk1/07,Bl,18
ICHwk1/07,Cw,15
ICHwk1/07,Hw,15
MSxv/07,Sx,17.1114284
ICHwk1/07,Bl,18
ICHwk1/07,Cw,15
ICHwk1/07,Hw,15
ICHwk1/07,Pw,24
ESSFmc/05,Sx,17.08333355
ICHwk1/07,Cw,15
ICHwk1/07,Hw,15
ICHwk1/07,Pw,24
IDFdk4/09,Sx,16.93999985
ICHwk1/08,Bl,18
ICHwk1/08,Cw,15
ICHwk1/08,Hw,15
MSdm2/01,Sx,16.85772727
ICHwk1/08,Bl,18
ICHwk1/08,Cw,15
ICHwk1/08,Hw,15
MSxv/01,Sx,16.85666637
ICHwk2/01,Bl,21.29857172
ICHwk2/01,Cw,17.56285681
ICHwk2/01,Fd,24.30615396
ICHwk2/01,Hw,19.89625025
ICHwk2/01,Pl,22.49857112
MSdm1/01,Sx,16.8544444
ICHwk2/02,Fd,15
ICHwk2/02,Pl,15
ICHwk2/03,Fd,15
ICHwk2/03,Pl,15
ICHwk2/04,Bl,20.30714294
ICHwk2/04,Cw,15.9171426
ICHwk2/04,Fd,21.56699982
ICHwk2/04,Pl,23.17428589
MSdm1/01,Sx,16.8544444
ICHwk2/05,Pl,21
SBSwk3/01,Sx,16.79714298
ICHwk2/06,Bl,20.92124987
ICHwk2/06,Pl,21
SBSwk3/01,Sx,16.79714298
ICHwk2/07,Cw,18.02714293
ICHwk2/07,Fd,25.85285677
ICHwk2/07,Pl,21
SBSmw/03,Sx,16.7
SBPSxc/04,Sx,16.67250001
ICHwk3/01,Bl,15
ICHwk3/01,Cw,18
ICHwk3/01,Fd,23.48700008
ICHwk3/01,Hw,19.70444436
ICHwk3/01,Pl,21
SBSwk3/08,Sx,16.66200018
ICHwk3/02,Hw,12
ICHwk3/02,Pl,15
SBSwk3/08,Sx,16.66200018
ICHwk3/03,Bl,12
ICHwk3/03,Cw,12
ICHwk3/03,Fd,15
ICHwk3/03,Hw,12
ICHwk3/03,Pl,15
SBSmw/03,Sx,16.65714278
ICHwk3/04,Bl,15
ICHwk3/04,Cw,15
ICHwk3/04,Fd,21.92285688
ICHwk3/04,Hw,15
ICHwk3/04,Pl,18
SBSmw/03,Sx,16.65714278
ICHwk3/05,Bl,18
ICHwk3/05,Cw,18
ICHwk3/05,Fd,21
ICHwk3/05,Hw,18
ICHwk3/05,Pl,24
MSdv/01,Sx,16.35857173
ICHwk3/06,Bl,18
ICHwk3/06,Cw,18
ICHwk3/06,Hw,18
ICHwk3/06,Pl,24
SBSdw3/03,Sx,16.26855575
ICHwk3/07,Hw,15
ICHwk3/07,Pl,18
SBSdw3/04,Sx,16.2533333
ICHwk3/08,Pl,15
ICHwk3/08,Sb,12
ICHwk3/09,Bl,18
ICHwk3/09,Cw,18
ICHwk3/09,Hw,15
SBSmk1/05,Sx,16.15750003
ICHwk4/01,Fd,25.63428606
ICHwk4/01,Pl,23.95142828
MSdm1/04,Sx,15.96714265
ICHwk4/01,Fd,25.63428606
ICHwk4/01,Pl,23.95142828
MSdm1/04,Sx,15.96714265
ICHwk4/02,Fd,15
ICHwk4/02,Pl,15
ICHwk4/02,Fd,15
ICHwk4/02,Pl,15
ICHwk4/03,Fd,15
ICHwk4/03,Pl,15
ICHwk4/03,Fd,15
ICHwk4/03,Pl,15
ICHwk4/04,Fd,18
ICHwk4/04,Pl,24.01999964
ESSFdc1/01,Sx,15.93090916
ICHwk4/04,Fd,18
ICHwk4/04,Pl,24.01999964
ESSFdc1/01,Sx,15.93090916
ICHwk4/05,Fd,25.7814282
ICHwk4/05,Pl,23.70500016
ESSFdc2/01,Sx,15.8833334
ICHwk4/05,Fd,25.7814282
ICHwk4/05,Pl,23.70500016
ESSFmc/10,Sx,15.60076908
ICHwk4/06,Pl,23.02000019
SBSdk/04,Sx,15.50333352
ICHwk4/06,Pl,23.02000019
SBSdk/04,Sx,15.50333352
ICHwk4/07,Fd,24
ICHwk4/07,Pl,24.56857136
SBSmk1/06,Sx,15.47444428
ICHwk4/07,Fd,24
ICHwk4/07,Pl,24.56857136
SBPSxc/03,Sx,15.42500031
SBSmc2/03,Sx,15.33444447
SBSmc2/03,Sx,15.33444447
ICHxw/01,Lw,21
ICHxw/01,Py,21
ICHxw/01,Bg,18
ICHxw/01,Cw,15
ICHxw/01,Fd,21
ICHxw/01,Hw,18
ICHxw/01,Pl,21
ICHxw/01,Pw,21
IDFdk1/01,Fd,17.2408332
IDFdk1/01,Pl,18.33
ESSFdk/03,Sx,15.28449984
IDFdk1/02,Fd,12
IDFdk1/02,Pl,15
IDFdk1/02,Py,12
IDFdk1/03,Fd,15
IDFdk1/03,Pl,15
IDFdk1/03,Py,12
IDFdk1/04,Fd,17.09499989
IDFdk1/04,Pl,15.95999993
IDFdk1/04,Py,15
IDFdk1/05,Bl,18
IDFdk1/05,Fd,19.94714274
IDFdk1/05,Pl,21
SBPSmc/05,Sx,15.27857113
IDFdk1/06,Bl,18
IDFdk1/06,Fd,21
IDFdk1/06,Pl,21
SBPSxc/05,Sx,15.02571433
IDFdk2/01,Fd,18.47161278
IDFdk2/01,Pl,18.1468418
BWBSdk/101,Sx,15
IDFdk2/02,Fd,12
IDFdk2/02,Py,12
IDFdk2/03,Fd,16.83090921
IDFdk2/03,Pl,18
IDFdk2/03,Py,12
IDFdk2/04,Fd,18.95999972
IDFdk2/04,Pl,19.15250003
BWBSdk/101,Sx,15
IDFdk2/04,Py,15
IDFdk2/05,Fd,21.29285731
IDFdk2/05,Pl,21
BWBSdk/103,Sx,15
IDFdk2/06,Fd,21
IDFdk2/06,Pl,21
BWBSdk/103,Sx,15
IDFdk2/07,Cw,15
IDFdk2/07,Pl,21
BWBSdk/110,Sx,15
IDFdk3/01,Fd,17.06900005
IDFdk3/01,Pl,19.60500014
BWBSdk/110,Sx,15
IDFdk3/01,Fd,17.06900005
IDFdk3/01,Pl,19.60500014
IDFdk3/02,Fd,12
IDFdk3/02,Pl,12
IDFdk3/02,Fd,12
IDFdk3/02,Pl,12
IDFdk3/03,Fd,12
IDFdk3/03,Pl,15
IDFdk3/03,Fd,12
IDFdk3/03,Pl,15
IDFdk3/04,Fd,12
IDFdk3/04,Fd,12
IDFdk3/05,Fd,15
IDFdk3/05,Pl,15
IDFdk3/05,Pl,15
IDFdk3/06,Fd,16.8471429
IDFdk3/06,Pl,18
IDFdk3/06,Fd,16.8471429
IDFdk3/06,Pl,15
IDFdk3/07,Fd,20.15499997
IDFdk3/07,Pl,20.60888873
BWBSdk/111,Sx,15
IDFdk3/07,Fd,20.15499997
IDFdk3/07,Pl,20.60888873
BWBSdk/111,Sx,15
IDFdk3/08,Fd,21.88571412
IDFdk3/08,Pl,18
BWBSmk/101,Sx,15
IDFdk3/08,Fd,21.88571412
IDFdk3/08,Pl,18
BWBSmk/101,Sx,15
IDFdk3/09,Pl,18
BWBSwk1/101,Sx,15
IDFdk3/09,Pl,18
BWBSwk1/103,Sx,15
IDFdk4/01,Fd,15.292143
IDFdk4/01,Pl,16.35000001
IDFdk4/02,Fd,10.28625005
IDFdk4/02,Pl,9
IDFdk4/03,Fd,9
IDFdk4/04,Fd,12.44428567
IDFdk4/05,Fd,12.58857141
IDFdk4/05,Pl,9
IDFdk4/06,Pl,9
IDFdk4/07,Fd,12.08285713
IDFdk4/07,Pl,12
IDFdk4/08,Pl,12
BWBSwk2/101,Sx,15
IDFdk4/09,Fd,15
IDFdk4/09,Pl,15
BWBSwk2/103,Sx,15
BWBSwk2/110,Sx,15
IDFdm1/01,Fd,18.34181838
IDFdm1/01,Pl,18
BWBSwk2/111,Sx,15
IDFdm1/01,Lw,18
IDFdm1/01,Py,18
IDFdm1/01,Lw,18
IDFdm1/01,Py,18
IDFdm1/01,Fd,18.34181838
IDFdm1/01,Pl,18
ESSFdc2/07,Sx,15
IDFdm1/03,Fd,12
IDFdm1/03,Pl,12
IDFdm1/03,Py,15
IDFdm1/03,Py,15
IDFdm1/03,Fd,12
IDFdm1/03,Pl,12
IDFdm1/04,Fd,15
IDFdm1/04,Pl,15
IDFdm1/04,Lw,15
IDFdm1/04,Py,18
IDFdm1/04,Lw,15
IDFdm1/04,Py,18
IDFdm1/04,Fd,15
IDFdm1/04,Pl,15
IDFdm1/05,Bl,18
IDFdm1/05,Fd,21
IDFdm1/05,Pl,21
ESSFdk/01,Sx,15
IDFdm1/05,Lw,21
IDFdm1/05,Py,21
IDFdm1/05,Lw,21
IDFdm1/05,Py,21
IDFdm1/05,Bl,18
IDFdm1/05,Fd,21
IDFdm1/05,Pl,21
ESSFdk/05,Sx,15
IDFdm1/06,Bl,21
IDFdm1/06,Fd,24
IDFdm1/06,Pl,24
ESSFdk/06,Sx,15
IDFdm1/06,Lw,24
IDFdm1/06,Lw,24
IDFdm1/06,Bl,21
IDFdm1/06,Fd,24
IDFdm1/06,Pl,24
ESSFdv/05,Sx,15
IDFdm1/07,Bl,18
IDFdm1/07,Fd,21
IDFdm1/07,Pl,21
ESSFmc/07,Sx,15
IDFdm1/07,Lw,21
IDFdm1/07,Lw,21
IDFdm1/07,Bl,18
IDFdm1/07,Fd,21
IDFdm1/07,Pl,21
ESSFmk/05,Sx,15
IDFdm2/01,Lw,18
IDFdm2/01,Py,18
IDFdm2/01,Fd,19.30978598
IDFdm2/01,Pl,19.9132
IDFdm2/03,Lw,15
IDFdm2/03,Py,15
IDFdm2/03,Fd,15
IDFdm2/03,Pl,15
IDFdm2/04,Lw,18
IDFdm2/04,Py,18
IDFdm2/04,Fd,20.79775023
IDFdm2/04,Pl,21.67571422
ESSFmm1/01,Sx,15
IDFdm2/05,Lw,21
IDFdm2/05,Fd,21
IDFdm2/05,Pl,21
ESSFmm1/05,Sx,15
IDFdm2/07,Fd,18
IDFdm2/07,Pl,18
ESSFmv1/01,Sx,15
IDFdw/01,Fd,15
IDFdw/01,Pl,18
ESSFmv1/04,Sx,15
IDFmw1/01,Cw,15.47083314
IDFmw1/01,Fd,22.82576917
IDFmw1/01,Pl,22.58294117
ESSFmv1/05,Sx,15
IDFmw1/01,Lw,20.95833348
IDFmw1/01,Py,21
IDFmw1/01-YC,Cw,15
IDFmw1/01-YC,Fd,21
IDFmw1/01-YC,Pl,21
ESSFmv2/01,Sx,15
IDFmw1/01-YC,Lw,24
IDFmw1/01-YC,Py,21
IDFmw1/02,Fd,15
IDFmw1/02,Py,15
IDFmw1/03,Fd,18
IDFmw1/03,Pl,15
IDFmw1/03,Py,18
IDFmw1/04,Cw,15
IDFmw1/04,Fd,19.1528571
IDFmw1/04,Pl,18.65857165
IDFmw1/04,Lw,21
IDFmw1/04,Py,18
IDFmw1/05,Cw,18
IDFmw1/05,Fd,21
IDFmw1/05,Pl,21
ESSFmv2/04,Sx,15
IDFmw1/05,Lw,24
IDFmw1/06,Cw,21
IDFmw1/06,Fd,24
IDFmw1/06,Pl,21
ESSFmv2/05,Sx,15
IDFmw1/06,Lw,27
IDFmw2/01,Cw,15
IDFmw2/01,Fd,23.11428561
IDFmw2/01,Pl,21
ESSFmv2/06,Sx,15
IDFmw2/01,Py,18
IDFmw2/02,Fd,15
IDFmw2/02,Pl,18
IDFmw2/02,Py,15
IDFmw2/03,Fd,18
IDFmw2/03,Pl,21
IDFmw2/03,Py,15
IDFmw2/04,Cw,21
IDFmw2/04,Fd,21
IDFmw2/04,Pl,24
ESSFmv3/04,Sx,15
IDFmw2/05,Cw,15
IDFmw2/05,Pl,18
ESSFmv3/04,Sx,15
IDFww/01,Cw,15
IDFww/01,Fd,24
IDFww/01,Pl,24
IDFww/01,Py,24
IDFww/01,Py,24
IDFww/01,Cw,15
IDFww/01,Fd,24
IDFww/01,Pl,24
IDFww/02,Fd,12
IDFww/02,Pl,12
IDFww/02,Fd,12
IDFww/02,Pl,12
IDFww/03,Fd,18
IDFww/03,Pl,18
IDFww/03,Py,18
IDFww/03,Py,18
IDFww/03,Fd,18
IDFww/03,Pl,18
IDFww/04,Cw,15
IDFww/04,Fd,24
IDFww/04,Py,24
IDFww/04,Py,24
IDFww/04,Cw,15
IDFww/04,Fd,24
IDFww/05,Cw,24
IDFww/05,Fd,27
IDFww/05,Ss,27
IDFww/05,Cw,24
IDFww/05,Fd,27
IDFww/05,Ss,27
IDFww/06,Bg,36
IDFww/06,Cw,27
IDFww/06,Fd,36
IDFww/06,Ss,36
IDFww/06,Bg,36
IDFww/06,Cw,27
IDFww/06,Fd,36
IDFww/06,Ss,36
IDFww/07,Cw,15
IDFww/07,Ss,21
IDFww/07,Cw,15
IDFww/07,Ss,21
IDFxh1/01,Fd,16.28384612
IDFxh1/01,Py,16.78499985
IDFxh1/01,Py,16.78499985
IDFxh1/01,Fd,16.28384612
IDFxh1/02,Fd,12
IDFxh1/02,Py,12
IDFxh1/02,Py,12
IDFxh1/02,Fd,12
IDFxh1/03,Fd,12
IDFxh1/03,Py,15
IDFxh1/03,Py,15
IDFxh1/03,Fd,12
IDFxh1/04,Fd,15
IDFxh1/04,Py,15
IDFxh1/04,Py,15
IDFxh1/04,Fd,15
IDFxh1/05,Fd,15
IDFxh1/05,Py,15
IDFxh1/05,Py,15
IDFxh1/05,Fd,15
IDFxh1/06,Fd,18
IDFxh1/06,Py,18
IDFxh1/06,Py,18
IDFxh1/06,Fd,18
IDFxh1/07,Fd,18
IDFxh1/07,Py,18
IDFxh1/07,Py,18
IDFxh1/07,Fd,18
IDFxh1/08,Fd,21
ESSFmv3/05,Sx,15
IDFxh1/08,Py,21
IDFxh1/08,Py,21
IDFxh1/08,Fd,21
IDFxh2/01,Fd,15
IDFxh2/01,Py,15
IDFxh2/02,Fd,12
IDFxh2/02,Py,12
IDFxh2/03,Fd,12
IDFxh2/03,Py,12
IDFxh2/04,Fd,15
IDFxh2/04,Py,15
IDFxh2/05,Fd,15
IDFxh2/05,Py,15
IDFxh2/06,Fd,15
IDFxh2/06,Py,15
IDFxh2/07,Fd,21
ESSFmv3/05,Sx,15
IDFxh2/07,Py,21
IDFxh2/08,Fd,21
ESSFmv4/01,Sx,15
IDFxm/01,Fd,16.40222221
IDFxm/01,Fd,16.40222221
IDFxm/02,Fd,12
IDFxm/03,Fd,13.03000001
IDFxm/03,Pl,13.40999998
IDFxm/04,Fd,14.78714262
IDFxm/04,Fd,14.78714262
IDFxm/05,Fd,15.28571456
IDFxm/06,Fd,15
IDFxm/07,Fd,15
IDFxm/08,Fd,18
ESSFmv4/04,Sx,15
ESSFmv4/05,Sx,15
IDFxw/01,Fd,16.61999989
IDFxw/01,Py,15.38999993
IDFxw/02,Fd,6
IDFxw/02,Py,6
IDFxw/03,Fd,9
IDFxw/03,Py,9
IDFxw/04,Fd,9
IDFxw/04,Py,11.86142853
IDFxw/05,Fd,15
IDFxw/06,Fd,21
ESSFmw/01,Sx,15
IDFxw/07,Fd,21
ESSFmw/01,Sx,15
MHmm1/01,Ba,12
MHmm1/01,Hm,12
MHmm1/01,Ba,12
MHmm1/01,Hm,16
MHmm1/02,Ba,8
MHmm1/02,Hm,8
MHmm1/02,Ba,8
MHmm1/02,Hm,12
MHmm1/03,Ba,12
MHmm1/03,Hm,12
MHmm1/03,Ba,12
MHmm1/04,Ba,8
MHmm1/04,Hm,8
MHmm1/04,Ba,12
MHmm1/04,Hm,16
MHmm1/05,Ba,16
MHmm1/05,Hm,16
MHmm1/05,Ba,16
MHmm1/05,Hm,16
MHmm1/06,Ba,8
MHmm1/06,Hm,8
MHmm1/06,Ba,8
MHmm1/06,Hm,8
MHmm1/07,Ba,8
MHmm1/07,Hm,8
MHmm1/07,Ba,8
MHmm1/07,Hm,8
MHmm1/08,Hm,8
MHmm1/08,Hm,8
MHmm1/09,Hm,8
MHmm1/09,Hm,8
MHmm2/01,Ba,12
MHmm2/01,Hm,12
MHmm2/01,Ba,16
MHmm2/01,Hm,16
MHmm2/02,Ba,8
MHmm2/02,Hm,8
MHmm2/02,Ba,12
MHmm2/02,Hm,12
MHmm2/03,Ba,12
MHmm2/03,Hm,12
MHmm2/03,Ba,16
MHmm2/03,Hm,16
MHmm2/04,Ba,8
MHmm2/04,Hm,8
MHmm2/04,Ba,16
MHmm2/04,Hm,16
MHmm2/05,Ba,16
MHmm2/05,Hm,16
MHmm2/05,Ba,16
MHmm2/05,Hm,16
MHmm2/06,Ba,8
MHmm2/06,Hm,8
MHmm2/06,Ba,8
MHmm2/06,Hm,8
MHmm2/07,Ba,8
MHmm2/07,Hm,8
MHmm2/07,Ba,8
MHmm2/07,Hm,8
MHmm2/08,Hm,8
MHmm2/08,Hm,8
MHmm2/09,Hm,8
MHmm2/09,Hm,8
MHwh/01,Ba,12
MHwh/01,Hm,12
MHwh/01,Hw,12
MHwh/01,Yc,12
MHwh/101,Hm,12
MHwh/101,Hw,12
MHwh/101,Ss,12
MHwh/101,Yc,12
MHwh/110,Hm,12
MHwh/110,Hw,12
MHwh/110,Ss,12
MHwh/110,Yc,12
MHwh1/01,Ba,12
MHwh1/01,Hm,12
MHwh1/01,Hw,12
MHwh1/01,Yc,12
<<<<<<< HEAD
MSdc/01,Bl,15
MSdc/01,Fd,15
MSdc/01,Pl,18
ESSFmw/05,Sx,15
MSdc/02,Bl,9
MSdc/02,Fd,12
MSdc/02,Pl,12
ESSFmw/05,Sx,15
MSdc/03,Bl,12
MSdc/03,Fd,15
MSdc/03,Pl,15
ESSFmw/06,Sx,15
MSdc/04,Bl,18
MSdc/04,Fd,18
MSdc/04,Pl,21
ESSFmw/06,Sx,15
MSdc2/01,Bl,15
MSdc2/01,Pl,14.97999995
ESSFvc/01,Sx,15
=======
MSdc1/01,Bl,15
MSdc1/01,Fd,15
MSdc1/01,Pl,18
MSdc1/01,Sx,15
MSdc1/02,Bl,9
MSdc1/02,Fd,12
MSdc1/02,Pl,12
MSdc1/02,Sx,9
MSdc1/03,Bl,12
MSdc1/03,Fd,15
MSdc1/03,Pl,15
MSdc1/03,Sx,12
MSdc1/04,Bl,18
MSdc1/04,Fd,18
MSdc1/04,Pl,21
MSdc1/04,Sx,18
MSdc12/01,Bl,15
MSdc12/01,Pl,14.97999995
MSdc12/01,Sx,15
>>>>>>> 2ed40677db29e17cc3a0f599b8e0825f540dd60b
MSdk/01,Bl,18.05624986
MSdk/01,Fd,20.44418179
MSdk/01,Pl,21.45679979
ESSFvc/01,Sx,15
MSdk/03,At,19.50857149
MSdk/03,Bl,12
MSdk/03,Fd,18.25328595
MSdk/03,Pl,16.67714296
ESSFvc/03,Sx,15
MSdk/04,Bl,18.41428566
MSdk/04,Fd,18.86084
MSdk/04,Pl,18.18552948
ESSFvc/03,Sx,15
MSdk/05,Bl,15
MSdk/05,Fd,17.27857127
MSdk/05,Pl,19.63914272
ESSFwc1/02,Sx,15
MSdk/06,Bl,15
MSdk/06,Fd,18
MSdk/06,Pl,15
ESSFwc1/02,Sx,15
MSdk1/01,Lw,18.78714303
MSdk1/03,Lw,18
MSdk1/04,Lw,16.38428552
MSdk1/05,Lw,21.20999963
MSdm1/01,Bl,18.56117636
MSdm1/01,Fd,18
MSdm1/01,Pl,19.59960007
ESSFwc2/01,Sx,15
MSdm1/01,Lw,21
MSdm1/01,Lw,21
MSdm1/01,Bl,18.56117636
MSdm1/01,Fd,18
MSdm1/01,Pl,19.59960007
ESSFwc2/01,Sx,15
MSdm1/02,Fd,15
MSdm1/02,Pl,15
MSdm1/02,Lw,15
MSdm1/02,Lw,15
MSdm1/02,Fd,15
MSdm1/02,Pl,15
MSdm1/03,Bl,15
MSdm1/03,Fd,18
MSdm1/03,Pl,13.25428581
ESSFwc2/01,Sx,15
MSdm1/03,Lw,18
MSdm1/03,Lw,18
MSdm1/03,Bl,15
MSdm1/03,Fd,18
MSdm1/03,Pl,13.25428581
ESSFwc2/06,Sx,15
MSdm1/04,Bl,15
MSdm1/04,Fd,18
MSdm1/04,Pl,18.06999999
ESSFwc2/06,Sx,15
MSdm1/04,Lw,21
MSdm1/04,Lw,21
MSdm1/04,Bl,15
MSdm1/04,Fd,18
MSdm1/04,Pl,18.06999999
ESSFwc2/08,Sx,15
MSdm1/05,Bl,18
MSdm1/05,Fd,18
MSdm1/05,Pl,19.95874977
ESSFwc2/08,Sx,15
MSdm1/05,Bl,18
MSdm1/05,Fd,18
MSdm1/05,Pl,19.95874977
ESSFwc2/08,Sx,15
MSdm1/06,Bl,16.52800007
MSdm1/06,Fd,18
MSdm1/06,Pl,21
ESSFwc3/01,Sx,15
MSdm1/06,Bl,16.52800007
MSdm1/06,Fd,18
MSdm1/06,Pl,21
ESSFwc3/01,Sx,15
MSdm1/07,Bl,15
MSdm1/07,Pl,18.84142876
ESSFwc3/03,Sx,15
MSdm1/07,Bl,15
MSdm1/07,Pl,18.84142876
ESSFwc3/03,Sx,15
MSdm1/08,Bl,18
MSdm1/08,Fd,18
MSdm1/08,Pl,21
ESSFwc4/02,Sx,15
MSdm2/01,Bl,16.87473674
MSdm2/01,Fd,18.89875019
MSdm2/01,Pl,19.31269228
ESSFwc4/02,Sx,15
MSdm2/03,Bl,15
MSdm2/03,Fd,18
MSdm2/03,Pl,15.63199997
ESSFwc4/03,Sx,15
MSdm2/04,Bl,15
MSdm2/04,Fd,19.44666693
MSdm2/04,Pl,16.96639999
ESSFwc4/03,Sx,15
MSdm2/05,Bl,19.27222231
MSdm2/05,Fd,18
MSdm2/05,Pl,20.85333303
ESSFwk1/01,Sx,15
MSdm2/06,Bl,15
MSdm2/06,Fd,18
MSdm2/06,Pl,18
ESSFwk1/01,Sx,15
MSdm2/07,Bl,12
MSdm2/07,Pl,15
ESSFwk1/07,Sx,15
MSdv/01,Bl,15
MSdv/01,Pl,16.24571419
ESSFwk1/07,Sx,15
MSdv/01,Bl,15
MSdv/01,Pl,15
ESSFwk2/01,Sx,15
MSdv/02,Pl,12
MSdv/03,Pa,6
MSdv/03,Pl,15
ESSFwk2/04,Sx,15
MSdv/04,Pl,15
MSdv/05,Pl,15
MSdv/06,Pl,14.5
ESSFwk2/05,Sx,15
MSdv/06,Pl,15
ESSFwm/01,Sx,15
MSdv/07,Pl,15
ESSFwm/02,Sx,15
MSdv/08,Pl,15
<<<<<<< HEAD
ESSFwm/03,Sx,15
ESSFxv1/07,Sx,15
MSxk/01,Bl,12
MSxk/01,Fd,15
MSxk/01,Pl,15.53666673
ESSFxv1/09,Sx,15
MSxk/01,Bl,12
MSxk/01,Fd,15
MSxk/01,Pl,15.53666673
ESSFxv2/01,Sx,15
MSxk/02,Bl,9
MSxk/02,Fd,12
MSxk/02,Pl,11.86333333
ESSFxv2/07,Sx,15
MSxk/02,Bl,9
MSxk/02,Fd,12
MSxk/02,Pl,11.86333333
ESSFxv2/08,Sx,15
MSxk/05,Bl,12
MSxk/05,Fd,15
MSxk/05,Pl,15.99833345
ICHmm/03,Sx,15
MSxk/05,Bl,12
MSxk/05,Fd,15
MSxk/05,Pl,15.99833345
ICHmw1/02,Sx,15
MSxk/06,Bl,15
MSxk/06,Fd,18
MSxk/06,Pl,15.94192296
ICHmw2/02,Sx,15
MSxk/06,Bl,15
MSxk/06,Fd,18
MSxk/06,Pl,15.94192296
ICHmw2/03,Sx,15
MSxk/07,Bl,12
MSxk/07,Pl,17.05888897
ICHmw3/03,Sx,15
MSxk/07,Bl,12
MSxk/07,Pl,17.05888897
ICHmw3/03,Sx,15
MSxk/08,Bl,15
MSxk/08,Pl,18
ICHvk2/04,Sx,15
MSxk/08,Bl,15
MSxk/08,Pl,18
ICHwk3/04,Sx,15
MSxk/09,Bl,12
MSxk/09,Pl,15
ICHwk3/07,Sx,15
MSxk/09,Bl,12
MSxk/09,Pl,15
IDFdk1/01,Sx,15
=======
MSdv/08,Sx,12
MSdv/09,Sx,12
MSxk1/01,Bl,12
MSxk1/01,Fd,15
MSxk1/01,Pl,15.53666673
MSxk1/01,Sx,14.82416662
MSxk1/01,Bl,12
MSxk1/01,Fd,15
MSxk1/01,Pl,15.53666673
MSxk1/01,Sx,14.82416662
MSxk1/02,Bl,9
MSxk1/02,Fd,12
MSxk1/02,Pl,11.86333333
MSxk1/02,Sx,12
MSxk1/02,Bl,9
MSxk1/02,Fd,12
MSxk1/02,Pl,11.86333333
MSxk1/02,Sx,12
MSxk1/05,Bl,12
MSxk1/05,Fd,15
MSxk1/05,Pl,15.99833345
MSxk1/05,Sx,12
MSxk1/05,Bl,12
MSxk1/05,Fd,15
MSxk1/05,Pl,15.99833345
MSxk1/05,Sx,12
MSxk1/06,Bl,15
MSxk1/06,Fd,18
MSxk1/06,Pl,15.94192296
MSxk1/06,Sx,14.0575
MSxk1/06,Bl,15
MSxk1/06,Fd,18
MSxk1/06,Pl,15.94192296
MSxk1/06,Sx,14.0575
MSxk1/07,Bl,12
MSxk1/07,Pl,17.05888897
MSxk1/07,Sx,14.58428608
MSxk1/07,Bl,12
MSxk1/07,Pl,17.05888897
MSxk1/07,Sx,14.58428608
MSxk1/08,Bl,15
MSxk1/08,Pl,18
MSxk1/08,Sx,15
MSxk1/08,Bl,15
MSxk1/08,Pl,18
MSxk1/08,Sx,15
MSxk1/09,Bl,12
MSxk1/09,Pl,15
MSxk1/09,Sx,12
MSxk1/09,Bl,12
MSxk1/09,Pl,15
MSxk1/09,Sx,12
>>>>>>> 2ed40677db29e17cc3a0f599b8e0825f540dd60b
MSxv/01,Pl,16.21642842
IDFdk2/04,Sx,15
MSxv/02,Pl,12
MSxv/03,Pl,13.61090903
MSxv/04,Pl,14.80882347
IDFdk3/09,Sx,15
MSxv/05,Pl,15.77285685
IDFdk3/09,Sx,15
MSxv/06,Pl,17.6266667
IDFdm1/01,Sx,15
MSxv/07,Pl,15.46857139
IDFdm1/01,Sx,15
MSxv/08,Pl,12
IDFdm2/07,Sx,15
PPdh1/01,Py,15
PPdh1/01,Fd,15
PPdh1/04,Py,18
PPdh1/04,Fd,18
PPdh1/05,Py,18
PPdh1/05,Fd,18
MSdc/01,Sx,15
PPdh1/06,Fd,21
MSdc2/01,Sx,15
PPdh2/01,Lw,12
PPdh2/01,Py,15
PPdh2/01,Fd,15
PPdh2/01,Pl,12
PPdh2/03,Lw,15
PPdh2/03,Py,18
PPdh2/03,Fd,18
PPdh2/03,Pl,15
MSdk/03,Sx,15
MSdm1/03,Sx,15
PPxh1/01,Py,15
PPxh1/02,Py,18
PPxh1/04,Py,15
PPxh1/05,Fd,12
PPxh1/05,Py,15
PPxh1/06,Fd,18
PPxh1/06,Py,18
PPxh1/07,Fd,18
PPxh1/07,Py,17
PPxh1/08,Fd,18
PPxh1/08,Py,15
PPxh2/01,Fd,12
PPxh2/01,Py,12
PPxh2/02,Fd,9
PPxh2/02,Py,9
PPxh2/03,Fd,12
PPxh2/03,Py,12
PPxh2/04,Fd,12
PPxh2/04,Py,12
PPxh2/06,Fd,18
PPxh2/06,Py,15
PPxh2/07,Fd,21
PPxh2/07,Py,18
SBPSdc/01,Pl,20.10374999
MSdm1/03,Sx,15
SBPSdc/02,Pl,14.64999986
SBPSdc/03,Pl,16.0700001
SBPSdc/04,Pl,15
SBPSdc/05,Pl,18.35249972
MSdm1/07,Sx,15
SBPSdc/06,Pl,21
MSdm1/07,Sx,15
SBPSdc/07,Pl,9
MSdm2/03,Sx,15
SBPSdc/08,Pl,15
MSdm2/04,Sx,15
SBPSmc/01,Pl,18.65714291
MSdm2/06,Sx,15
SBPSmc/01,Pl,12
SBPSmc/01,Sb,9
MSdv/01,Sx,15
SBPSmc/01,Pl,12
SBPSmc/01,Sb,9
MSdv/07,Sx,15
SBPSmc/02,Pl,12.02428586
SBPSmc/02,Pl,9
MSxk/08,Sx,15
SBPSmc/02,Pl,9
MSxk/08,Sx,15
SBPSmc/03,Pl,9
PPdh2/03,Sx,15
SBPSmc/03,Pl,9
SBPSmk/05,Sx,15
SBPSmc/04,Pl,9
SBSdh/04,Sx,15
SBPSmc/04,Pl,9
SBSdh/05,Sx,15
SBPSmc/05,Pl,16.87571417
SBSdw1/04,Sx,15
SBPSmc/05,Pl,15
SBSdw1/04,Sx,15
SBPSmc/05,Pl,15
SBSdw2/07,Sx,15
SBPSmc/06,Pl,12
SBSdw2/07,Sx,15
SBPSmc/06,Pl,12
SBSmc1/04,Sx,15
SBPSmc/07,Pl,9
SBSmc1/05,Sx,15
SBPSmc/07,Pl,9
SBSmc1/08,Sx,15
SBPSmk/01,Pl,20.30100002
SBSmc3/08,Sx,15
SBPSmk/02,Pl,15
SBSmh/03,Sx,15
SBPSmk/03,Fd,15
SBPSmk/03,Pl,18
SBPSmk/04,Pl,19.34875035
SBSmh/03,Sx,15
SBPSmk/05,Fd,18
SBPSmk/05,Pl,21
SBSmh/04,Sx,15
SBPSmk/06,Pl,20.53999983
SBSmh/04,Sx,15
SBPSmk/07,Pl,18
SBSmk1/02,Sx,15
SBPSmk/08,Pl,12
SBSmk2/02,Sx,15
SBPSxc/01,Pl,13.74052625
SBSmk2/03,Sx,15
SBPSxc/02,Fd,12
SBPSxc/02,Pl,12.72199993
SBPSxc/03,Pl,14.6762501
SBSmm/04,Sx,15
SBPSxc/04,Pl,15
SBSmm/05,Sx,15
SBPSxc/05,Pl,15
SBSmm/06,Sx,15
SBPSxc/06,Pl,21
<<<<<<< HEAD
SBSmw/02,Sx,15
SBSdh/01,Fd,21.9
SBSdh/01,Pl,21
SBSmw/02,Sx,15
SBSdh/02,Pl,15
SBSmw/02,Sx,15
SBSdh/03,Fd,15
SBSdh/03,Pl,18
SBSdh/03,Pw,18
SBSdh/03,Lw,18
SBSdh/04,Fd,15
SBSdh/04,Pl,18
SBSvk/02,Sx,15
SBSdh/05,Pl,18
SBSdh/05,Sb,15
SBSvk/03,Sx,15
SBSdh/06,Pl,21
SBSwk2/02,Sx,15
SBSdh/07,Pl,21
SBSwk2/04,Sx,15
SBSdh/08,Pl,15
SBSdh/08,Sb,12
ESSFxc/07,Sx,14.98571409
=======
SBPSxc/06,Sx,18.14428547
SBSdh1/01,Fd,21.9
SBSdh1/01,Pl,21
SBSdh1/01,Sx,21
SBSdh1/02,Pl,15
SBSdh1/02,Sx,12
SBSdh1/03,Fd,15
SBSdh1/03,Pl,18
SBSdh1/03,Pw,18
SBSdh1/03,Lw,18
SBSdh1/04,Fd,15
SBSdh1/04,Pl,18
SBSdh1/04,Sx,15
SBSdh1/05,Pl,18
SBSdh1/05,Sb,15
SBSdh1/05,Sx,15
SBSdh1/06,Pl,21
SBSdh1/06,Sx,21
SBSdh1/07,Pl,21
SBSdh1/07,Sx,21
SBSdh1/08,Pl,15
SBSdh1/08,Sb,12
SBSdh1/08,Sx,12
>>>>>>> 2ed40677db29e17cc3a0f599b8e0825f540dd60b
SBSdk/01,At,16.50571414
SBSdk/01,Fd,20.09714317
SBSdk/01,Pl,19.49037536
ESSFxc/06,Sx,14.93285738
SBSdk/01,At,16.50571414
SBSdk/01,Fd,20.09714317
SBSdk/01,Pl,19.49037536
SBSdk/03,Sx,14.929
SBSdk/02,Fd,15.98142869
SBSdk/02,Pl,17.13600006
SBSdk/03,Sx,14.929
SBSdk/02,Fd,15.98142869
SBSdk/02,Pl,17.13600006
MSxk/01,Sx,14.82416662
SBSdk/03,Pl,16.16000014
SBSdk/03,Sb,9
MSxk/01,Sx,14.82416662
SBSdk/03,Pl,16.16000014
SBSdk/03,Sb,9
IDFdk4/08,Sx,14.59222221
SBSdk/04,Fd,18.01888858
SBSdk/04,Pl,17.8066668
MSxk/07,Sx,14.58428608
SBSdk/04,Fd,18.01888858
SBSdk/04,Pl,17.8066668
MSxk/07,Sx,14.58428608
SBSdk/05,At,17.84285709
SBSdk/05,Fd,19.91625023
SBSdk/05,Pl,19.05076915
ESSFmc/04,Sx,14.48699989
SBSdk/05,At,17.84285709
SBSdk/05,Fd,19.91625023
SBSdk/05,Pl,19.05076915
ESSFmc/04,Sx,14.48699989
SBSdk/06,At,20.46142891
SBSdk/06,Fd,24.34285709
SBSdk/06,Pl,21.90557153
ESSFdk/04,Sx,14.27392851
SBSdk/06,At,20.46142891
SBSdk/06,Fd,24.34285709
SBSdk/06,Pl,21.90557153
ESSFmc/01,Sx,14.24400005
SBSdk/07,Pl,20.67692324
SBSmc2/02,Sx,14.13909101
SBSdk/07,Pl,20.67692324
SBSmc2/02,Sx,14.13909101
SBSdk/08,Pl,23.76600037
SBSmc2/02,Sx,14.13909101
SBSdk/08,Pl,23.76600037
MSxv/08,Sx,14.07714272
SBSdk/09,Pl,12
SBSdk/09,Sb,9
SBSdk/09,Pl,12
SBSdk/09,Sb,9
SBSdk/10,Pl,12
SBSdk/10,Sb,9
MSxk/06,Sx,14.0575
SBSdk/10,Pl,12
SBSdk/10,Sb,9
MSxk/06,Sx,14.0575
SBSdw1/01,Fd,21
SBSdw1/01,Pl,21.79000007
SBSdk/02,Sx,13.904
SBSdw1/01,Fd,21
SBSdw1/01,Pl,21.79000007
SBSdk/02,Sx,13.904
SBSdw1/02,Fd,15
SBSdw1/02,Pl,15
SBSdw1/02,Fd,15
SBSdw1/02,Pl,15
SBSdw1/03,Fd,15
SBSdw1/03,Pl,15
SBSdw1/03,Fd,15
SBSdw1/03,Pl,15
SBSdw1/04,Bl,18.80142893
SBSdw1/04,Fd,19.85142871
SBSdw1/04,Pl,22.49499989
SBSmk1/03,Sx,13.75000014
SBSdw1/04,Fd,19.85142871
SBSdw1/04,Pl,22.49499989
SBSdk/10,Sx,13.62712508
SBSdw1/05,Fd,20.73428563
SBSdw1/05,Pl,20.3342856
SBSdk/10,Sx,13.62712508
SBSdw1/05,Fd,20.73428563
SBSdw1/05,Pl,20.3342856
SBSwk3/02,Sx,13.40428557
SBSdw1/06,Fd,21
SBSdw1/06,Pl,24
SBSwk3/02,Sx,13.40428557
SBSdw1/06,Fd,21
SBSdw1/06,Pl,24
ESSFwv/01,Sx,13.38000011
SBSdw1/07,Fd,21
SBSdw1/07,Pl,21.01142883
ESSFmc/02,Sx,13.26900001
SBSdw1/07,Fd,21
SBSdw1/07,Pl,21.01142883
ESSFmc/02,Sx,13.26900001
SBSdw1/08,Fd,21
SBSdw1/08,Pl,24
MSdv/06,Sx,12.91857147
SBSdw1/08,Fd,21
SBSdw1/08,Pl,24
SBSwk3/05,Sx,12.34142862
SBSdw1/09,Pl,21
SBSwk3/05,Sx,12.34142862
SBSdw1/09,Pl,21
BWBSdk/104,Sx,12
SBSdw2/01,At,17.01999998
SBSdw2/01,Fd,20.82083321
SBSdw2/01,Pl,19.61500015
BWBSmk/103,Sx,12
SBSdw2/01,At,17.01999998
SBSdw2/01,Fd,20.82083321
SBSdw2/01,Pl,19.61500015
BWBSmk/103,Sx,12
SBSdw2/02,Fd,15
SBSdw2/02,Pl,15
SBSdw2/02,Fd,15
SBSdw2/02,Pl,15
SBSdw2/03,Pl,15
SBSdw2/03,Pl,15
SBSdw2/04,Fd,18.43571431
SBSdw2/04,Pl,15
SBSdw2/04,Fd,18.43571431
SBSdw2/04,Pl,15
SBSdw2/05,Fd,20.31285722
SBSdw2/05,Pl,21
BWBSmk/104a,Sx,12
SBSdw2/05,Fd,20.31285722
SBSdw2/05,Pl,21
BWBSmk/104a,Sx,12
SBSdw2/06,Fd,19.14571408
SBSdw2/06,Pl,19.86545441
BWBSmw/104,Sx,12
SBSdw2/06,Fd,19.14571408
SBSdw2/06,Pl,19.86545441
BWBSwk1/104,Sx,12
SBSdw2/07,Pl,18
BWBSwk2/104,Sx,12
SBSdw2/07,Pl,18
BWBSwk3/101,Sx,12
SBSdw2/08,Fd,18
SBSdw2/08,Pl,21
BWBSwk3/110,Sx,12
SBSdw2/08,Fd,18
SBSdw2/08,Pl,21
CWHws2/11,Sx,12
SBSdw2/09,Fd,21
SBSdw2/09,Pl,21
CWHws2/11,Sx,12
SBSdw2/09,Fd,21
SBSdw2/09,Pl,21
ESSFdc1/04,Sx,12
SBSdw2/10,Pl,15
ESSFdc1/04,Sx,12
SBSdw2/10,Pl,15
ESSFdc1/05,Sx,12
SBSdw2/11,Pl,9
ESSFdc1/05,Sx,12
SBSdw2/11,Pl,9
ESSFdc2/03,Sx,12
SBSdw3/01,At,19.48333319
SBSdw3/01,Bl,20.42250013
SBSdw3/01,Ep,18.34249985
SBSdw3/01,Fd,20.01000007
SBSdw3/01,Pl,21.50230753
ESSFdc2/04,Sx,12
SBSdw3/02,Fd,14.28888877
SBSdw3/02,Pl,15
SBSdw3/03,Pl,19.90888871
ESSFdc2/05,Sx,12
SBSdw3/04,Fd,18.82000005
SBSdw3/04,Pl,18
ESSFdc2/08,Sx,12
SBSdw3/05,Pl,19.17375016
SBSdw3/05,Sb,12
ESSFdk/02,Sx,12
SBSdw3/06,At,18.23999991
SBSdw3/06,Bl,15
SBSdw3/06,Pl,18
ESSFdv/01,Sx,12
SBSdw3/07,At,22.94899988
SBSdw3/07,Bl,15
SBSdw3/07,Pl,20.95000024
ESSFdv/04,Sx,12
SBSdw3/08,At,24.21666675
SBSdw3/08,Bl,15
SBSdw3/08,Fd,21.07111126
SBSdw3/08,Pl,21
ESSFmk/01,Sx,12
SBSdw3/09,Pl,18
ESSFmk/04,Sx,12
SBSdw3/10,Lt,15
SBSdw3/10,Pl,15
SBSdw3/10,Sb,12
ESSFmm1/03,Sx,12
SBSmc1/01,Bl,15
SBSmc1/01,Fd,18
SBSmc1/01,Pl,18
ESSFmm1/04,Sx,12
SBSmc1/02,Bl,12
SBSmc1/02,Pl,15
ESSFmm1/07,Sx,12
SBSmc1/03,Fd,18
SBSmc1/03,Pl,15
SBSmc1/04,Bl,15
SBSmc1/04,Pl,18
ESSFmv1/03,Sx,12
SBSmc1/05,Bl,15
SBSmc1/05,Pl,15
ESSFmv3/01,Sx,12
SBSmc1/06,Bl,18
SBSmc1/06,Fd,18
SBSmc1/06,Pl,21
ESSFmv3/01,Sx,12
SBSmc1/07,Bl,18
SBSmc1/07,Fd,21
SBSmc1/07,Pl,21
ESSFmw/02,Sx,12
SBSmc1/08,Bl,18
SBSmc1/08,Pl,15
ESSFmw/02,Sx,12
SBSmc2/01,Bl,15.38170974
SBSmc2/01,Pl,17.93085862
ESSFmw/03,Sx,12
SBSmc2/01,Bl,15.38170974
SBSmc2/01,Pl,17.93085862
ESSFmw/03,Sx,12
SBSmc2/01,Bl,15.38170974
SBSmc2/01,Pl,17.93085862
ESSFmw/04,Sx,12
SBSmc2/02,Bl,13.83200006
SBSmc2/02,Pl,16.18996423
ESSFmw/04,Sx,12
SBSmc2/02,Bl,13.83200006
SBSmc2/02,Pl,16.18996423
ESSFvc/02,Sx,12
SBSmc2/02,Bl,13.83200006
SBSmc2/02,Pl,16.18996423
ESSFvc/02,Sx,12
SBSmc2/03,Pl,14.68571459
SBSmc2/03,Sb,9
ESSFvv/01,Sx,12
SBSmc2/03,Bl,14.21749985
SBSmc2/03,Pl,14.68571459
SBSmc2/03,Sb,9
ESSFvv/04,Sx,12
SBSmc2/04,Pl,17.2342859
ESSFwc2/02,Sx,12
SBSmc2/04,Pl,17.2342859
ESSFwc2/02,Sx,12
SBSmc2/05,Bl,16.32818179
SBSmc2/05,Pl,19.1168846
ESSFwc2/02,Sx,12
SBSmc2/05,Bl,16.32818179
SBSmc2/05,Pl,19.1168846
ESSFwc2/03,Sx,12
SBSmc2/06,Bl,19.0717645
SBSmc2/06,Pl,19.87750034
ESSFwc2/03,Sx,12
SBSmc2/06,Bl,19.0717645
SBSmc2/06,Pl,19.87750034
ESSFwc2/03,Sx,12
SBSmc2/06,Bl,19.0717645
SBSmc2/06,Pl,19.87750034
ESSFwc2/04,Sx,12
SBSmc2/07,Bl,14.26285703
SBSmc2/07,Pl,12
SBSmc2/07,Sb,9
ESSFwc2/04,Sx,12
SBSmc2/07,Bl,14.26285703
SBSmc2/07,Pl,12
SBSmc2/07,Sb,9
ESSFwc2/04,Sx,12
SBSmc2/08,Pl,21
ESSFwc2/05,Sx,12
SBSmc2/08,Pl,21
ESSFwc2/05,Sx,12
SBSmc2/09,Bl,18.99153834
SBSmc2/09,Pl,22.83727282
ESSFwc2/09,Sx,12
SBSmc2/09,Bl,18.99153834
SBSmc2/09,Pl,22.83727282
ESSFwc2/09,Sx,12
SBSmc2/10,Bl,15.44631582
SBSmc2/10,Pl,18.6829411
ESSFwc2/09,Sx,12
SBSmc2/10,Bl,15.44631582
SBSmc2/10,Pl,18.6829411
ESSFwc4/07,Sx,12
SBSmc2/11,Pl,18
ESSFwc4/07,Sx,12
SBSmc2/11,Pl,18
ESSFwk2/03,Sx,12
SBSmc2/12,Pl,12.1925
SBSmc2/12,Sb,9
ESSFwk2/06,Sx,12
SBSmc2/12,Bl,9.131428582
SBSmc2/12,Pl,12.1925
SBSmc2/12,Sb,9
ESSFwv/04,Sx,12
SBSmc3/01,Bl,19.78000016
SBSmc3/01,Pl,19.49500008
ESSFwv/05,Sx,12
SBSmc3/02,Pl,14.99000032
ESSFxc/01,Sx,12
SBSmc3/03,Pl,15.6833334
ESSFxc/05,Sx,12
SBSmc3/04,Bl,12
SBSmc3/04,Pl,18.33714281
ESSFxv1/01,Sx,12
SBSmc3/05,Pl,17.91125
SBSmc3/05,Sb,12
ESSFxv1/01,Sx,12
SBSmc3/06,Pl,17.95285715
SBSmc3/06,Sb,12
ESSFxv1/06,Sx,12
SBSmc3/07,Bl,15
SBSmc3/07,Pl,19.31285722
ESSFxv1/08,Sx,12
SBSmc3/08,Bl,15
SBSmc3/08,Pl,18
ESSFxv2/06,Sx,12
SBSmh/01,Ep,18.21857139
SBSmh/01,Fd,25.79571424
ESSFxv2/09,Sx,12
SBSmh/01,Ep,18.21857139
SBSmh/01,Fd,25.79571424
ESSFxv2/10,Sx,12
SBSmh/02,Fd,18
SBSmh/02,Fd,18
SBSmh/03,Fd,18
SBSmh/03,Pl,21
ICHmm/02,Sx,12
SBSmh/03,Fd,18
SBSmh/03,Pl,21
ICHmm/07,Sx,12
SBSmh/04,Fd,18.16000012
ICHvk2/02,Sx,12
SBSmh/04,Fd,18.16000012
ICHvk2/03,Sx,12
SBSmh/05,Ep,17.11285714
SBSmh/05,Fd,21.34142876
ICHvk2/07,Sx,12
SBSmh/05,Ep,17.11285714
SBSmh/05,Fd,21.34142876
ICHwk3/02,Sx,12
SBSmh/06,Fd,21
ICHwk3/03,Sx,12
SBSmh/06,Fd,21
IDFdw/01,Sx,12
SBSmh/07,Fd,24
MSdc/03,Sx,12
SBSmh/07,Fd,24
MSdm2/07,Sx,12
SBSmh/08,Fd,24
MSdv/06,Sx,12
SBSmh/08,Fd,24
MSdv/08,Sx,12
MSdv/09,Sx,12
MSxk/02,Sx,12
SBSmk1/01,At,19.14399999
SBSmk1/01,Bl,15.66166655
SBSmk1/01,Fd,21.85999979
SBSmk1/01,Pl,20.1078948
MSxk/02,Sx,12
SBSmk1/02,Pl,18
MSxk/05,Sx,12
SBSmk1/03,Pl,16.0670001
MSxk/05,Sx,12
SBSmk1/04,At,18.10571439
SBSmk1/04,Bl,15
SBSmk1/04,Fd,18
SBSmk1/04,Pl,20.83142853
MSxk/09,Sx,12
SBSmk1/05,At,16.00999982
SBSmk1/05,Bl,18.13571467
SBSmk1/05,Fd,21.17571436
SBSmk1/05,Pl,20.93071433
MSxk/09,Sx,12
SBSmk1/06,At,19.90142822
SBSmk1/06,Pl,17.63999993
SBSmk1/06,Sb,15
SBPSdc/07,Sx,12
SBSmk1/07,At,20.36857169
SBSmk1/07,Bl,18
SBSmk1/07,Fd,21
SBSmk1/07,Pl,22.56285722
SBPSmc/05,Sx,12
SBSmk1/08,Bl,19.23000022
SBSmk1/08,Pl,21.64571435
SBPSmc/05,Sx,12
SBSmk1/09,Bl,15
SBSmk1/09,Pl,21
SBPSmk/08,Sx,12
SBSmk1/10,Pl,15
SBSmk1/10,Sb,12
SBSdh/02,Sx,12
SBSmk2/01,Bl,15
SBSmk2/01,Pl,21
SBSdh/08,Sx,12
SBSmk2/02,Pl,18
SBSdw3/05,Sx,12
SBSmk2/03,Bl,12
SBSmk2/03,Pl,18
SBSdw3/10,Sx,12
SBSmk2/04,Pl,18
SBSmk2/04,Sb,15
SBSmc1/02,Sx,12
SBSmk2/05,Bl,18
SBSmk2/05,Pl,21
SBSmc2/07,Sx,12
SBSmk2/06,Bl,18
SBSmk2/06,Pl,21
SBSmc2/07,Sx,12
SBSmm/01,Bl,18
SBSmm/01,Fd,18
SBSmm/01,Pl,21
SBSmc3/02,Sx,12
SBSmm/02,Bl,12
SBSmm/02,Fd,15
SBSmm/02,Pl,15
SBSmc3/03,Sx,12
SBSmm/03,Bl,12
SBSmm/03,Fd,15
SBSmm/03,Pl,15
SBSmc3/04,Sx,12
SBSmm/04,Bl,15
SBSmm/04,Fd,18
SBSmm/04,Pl,18
SBSmc3/05,Sx,12
SBSmm/05,Bl,15
SBSmm/05,Fd,18
SBSmm/05,Pl,18
SBSmc3/06,Sx,12
SBSmm/06,Bl,15
SBSmm/06,Fd,18
SBSmm/06,Pl,18
SBSmk1/10,Sx,12
SBSmm/07,Bl,18
SBSmm/07,Cw,12
SBSmm/07,Pl,21
SBSmk2/04,Sx,12
SBSmm/08,Bl,18
SBSmm/08,Pl,18
SBSmm/02,Sx,12
SBSmw/01,Bl,15
SBSmw/01,Fd,22.5633333
SBSmw/01,Pl,22.41933339
SBSmm/03,Sx,12
SBSmw/01,Bl,15
SBSmw/01,Fd,22.5633333
SBSmw/01,Pl,22.41933339
SBSmw/12,Sx,12
SBSmw/01,Bl,15
SBSmw/01,Fd,22.6
SBSmw/01,Pl,22.4
SBSvk/08,Sx,12
SBSmw/02,Fd,15
SBSmw/02,Pl,15
SBSwk1/02,Sx,12
SBSmw/02,Fd,15
SBSmw/02,Pl,15
SBSwk1/02,Sx,12
SBSmw/02,Fd,15
SBSmw/02,Pl,15
SBSwk1/11,Sx,12
SBSmw/03,Fd,18
SBSmw/03,Pl,17.05999982
SBSwk1/11,Sx,12
SBSmw/03,Fd,18
SBSmw/03,Pl,17.05999982
ESSFmc/08,Sx,11.66111125
SBSmw/03,Fd,18
SBSmw/03,Pl,17.1
ESSFmc/08,Sx,11.66111125
SBSmw/04,Bl,16.79571438
SBSmw/04,Fd,20.30285726
SBSmw/04,Pl,20.04285676
SBSmc2/12,Sx,11.20666663
SBSmw/04,Bl,16.79571438
SBSmw/04,Fd,20.30285726
SBSmw/04,Pl,20.04285676
SBSmc2/12,Sx,11.20666663
SBSmw/04,Bl,16.8
SBSmw/04,Fd,20.3
SBSmw/04,Pl,20
BWBSdk/102,Sx,9
SBSmw/05,Pl,18.51444456
BWBSdk/102,Sx,9
SBSmw/05,Pl,18.51444456
BWBSmk/102,Sx,9
SBSmw/05,Pl,18.5
BWBSmk/102,Sx,9
SBSmw/06,Bl,15
SBSmw/06,Fd,21
SBSmw/06,Pl,22.22714261
BWBSmk/104b,Sx,9
SBSmw/06,Bl,15
SBSmw/06,Fd,21
SBSmw/06,Pl,22.22714261
BWBSmk/104b,Sx,9
SBSmw/06,Bl,15
SBSmw/06,Fd,21
SBSmw/06,Pl,22.2
BWBSmw/102,Sx,9
SBSmw/07,Bl,15
SBSmw/07,Pl,22.6849997
BWBSwk1/102,Sx,9
SBSmw/07,Bl,15
SBSmw/07,Pl,22.6849997
BWBSwk2/102,Sx,9
SBSmw/07,Bl,15
SBSmw/07,Pl,22.7
ESSFdc1/02,Sx,9
SBSmw/08,Bl,18
SBSmw/08,Fd,21
SBSmw/08,Pl,24
ESSFdc1/02,Sx,9
SBSmw/08,Bl,18
SBSmw/08,Fd,21
SBSmw/08,Pl,24
ESSFdc1/03,Sx,9
SBSmw/08,Bl,20.7
SBSmw/08,Fd,21
SBSmw/08,Pl,24
ESSFdc1/03,Sx,9
SBSmw/09,Bl,15
SBSmw/09,Pl,18
ESSFdc1/06,Sx,9
SBSmw/09,Bl,15
SBSmw/09,Pl,18
ESSFdc1/06,Sx,9
SBSmw/09,Bl,15
SBSmw/09,Pl,18
ESSFdv/02,Sx,9
SBSmw/10,Pl,9
ESSFdv/03,Sx,9
SBSmw/10,Pl,9
ESSFdv/06,Sx,9
SBSmw/10,Pl,9
ESSFmc/03,Sx,9
SBSmw/11,Pl,21.57714299
ESSFmc/09,Sx,9
SBSmw/11,Bl,15
SBSmw/11,Pl,21
ESSFmk/02,Sx,9
SBSmw/12,Pl,9
ESSFmk/03,Sx,9
SBSmw/13,Bl,18
ESSFmk/06,Sx,9
SBSvk/01,Bl,21.00000027
SBSvk/01,Fd,18
SBSvk/01,Pl,21
ESSFmk/07,Sx,9
SBSvk/02,Bl,12
SBSvk/02,Pl,18
ESSFmm1/02,Sx,9
SBSvk/03,Bl,12
SBSvk/03,Fd,15
SBSvk/03,Pl,18
ESSFmv2/02,Sx,9
SBSvk/04,Bl,15
SBSvk/04,Fd,18
SBSvk/04,Pl,21
ESSFmv3/02,Sx,9
SBSvk/05,Bl,20.19999995
SBSvk/05,Pl,21
ESSFmv3/02,Sx,9
SBSvk/06,Bl,18
SBSvk/06,Pl,18
ESSFmv3/07,Sx,9
SBSvk/07,Bl,15
SBSvk/07,Pl,18
ESSFmv3/07,Sx,9
SBSvk/08,Pl,12
SBSvk/08,Sb,9
ESSFmv4/02,Sx,9
SBSwk1/01,At,21.75857135
SBSwk1/01,Bl,23.59857123
SBSwk1/01,Fd,25.32571384
SBSwk1/01,Pl,22.64285742
ESSFvv/02,Sx,9
SBSwk1/01,At,21.75857135
SBSwk1/01,Bl,23.59857123
SBSwk1/01,Fd,25.32571384
SBSwk1/01,Pl,22.64285742
ESSFvv/03,Sx,9
SBSwk1/02,Bl,12
SBSwk1/02,Fd,15
SBSwk1/02,Pl,18.58285713
ESSFwc3/02,Sx,9
SBSwk1/02,Bl,12
SBSwk1/02,Fd,15
SBSwk1/02,Pl,18.58285713
ESSFwc3/02,Sx,9
SBSwk1/03,Bl,12
SBSwk1/03,Fd,15
SBSwk1/03,Pl,20.39714241
ESSFwk1/02,Sx,9
SBSwk1/03,Bl,12
SBSwk1/03,Fd,15
SBSwk1/03,Pl,20.39714241
ESSFwk1/02,Sx,9
SBSwk1/04,Bl,15
SBSwk1/04,Fd,21.03999983
SBSwk1/04,Pl,18
ESSFwk1/06,Sx,9
SBSwk1/04,Bl,15
SBSwk1/04,Fd,21.03999983
SBSwk1/04,Pl,18
ESSFwk1/06,Sx,9
SBSwk1/05,At,22.26142829
SBSwk1/05,Bl,19.68857138
SBSwk1/05,Ep,17.24571419
SBSwk1/05,Fd,22.80142839
SBSwk1/05,Pl,20.47375011
ESSFwk2/02,Sx,9
SBSwk1/05,At,22.26142829
SBSwk1/05,Bl,19.68857138
SBSwk1/05,Ep,17.24571419
SBSwk1/05,Fd,22.80142839
SBSwk1/05,Pl,20.47375011
ESSFwv/02,Sx,9
SBSwk1/06,At,22.39142827
SBSwk1/06,Bl,15
SBSwk1/06,Pl,21
ESSFwv/03,Sx,9
SBSwk1/06,At,22.39142827
SBSwk1/06,Bl,15
SBSwk1/06,Pl,21
ESSFwv/07,Sx,9
SBSwk1/07,Bl,18
SBSwk1/07,Pl,21
ESSFwv/08,Sx,9
SBSwk1/07,Bl,18
SBSwk1/07,Pl,21
ESSFwv/09,Sx,9
SBSwk1/08,Bl,18
SBSwk1/08,Pl,21
ESSFxc/02,Sx,9
SBSwk1/08,Bl,18
SBSwk1/08,Ep,20.72999995
SBSwk1/08,Pl,21
ESSFxc/08,Sx,9
SBSwk1/09,Bl,18
SBSwk1/09,Pl,21
ESSFxv2/05,Sx,9
SBSwk1/09,Bl,18
SBSwk1/09,Pl,21
MSdc/02,Sx,9
SBSwk1/10,Bl,18
SBSwk1/10,Pl,21
MSdv/03,Sx,9
SBSwk1/11,Pl,12
SBSwk1/11,Sb,12
MSxv/04,Sx,9
SBSwk1/11,Pl,12
SBSwk1/11,Sb,12
SBPSmc/01,Sx,9
SBSwk2/01,Bl,15
SBSwk2/01,Pl,21
SBPSmc/01,Sx,9
SBSwk2/02,Bl,12
SBSwk2/02,Pl,15
SBPSmc/06,Sx,9
SBSwk2/03,Bl,12
SBSwk2/03,Pl,18
SBPSmc/06,Sx,9
SBSwk2/04,Pl,18
SBSwk2/04,Sb,15
SBPSmc/07,Sx,9
SBSwk2/05,Bl,18
SBSwk2/05,Pl,21
SBPSmc/07,Sx,9
SBSwk2/06,Bl,18
SBSwk2/06,Pl,21
SBPSmk/02,Sx,9
SBSwk3/01,Bl,15.7420001
SBSwk3/01,Pl,20.58666682
SBSdw2/11,Sx,9
SBSwk3/01,Bl,15.7420001
SBSwk3/01,Pl,20.58666682
SBSdw2/11,Sx,9
SBSwk3/02,Bl,16.18999999
SBSwk3/02,Pl,17.11142867
SBSmw/10,Sx,9
SBSwk3/02,Bl,16.18999999
SBSwk3/02,Pl,17.11142867
SBSmw/10,Sx,9
SBSwk3/03,Fd,18.80285699
SBSwk3/03,Pl,19.89000022
SBSmw/10,Sx,9
SBSwk3/03,Fd,18.80285699
SBSwk3/03,Pl,19.89000022
SBSwk3/04,Bl,18.41571426
SBSwk3/04,Pl,20.13428593
ESSFmv2/03,Sx,6
SBSwk3/04,Bl,18.41571426
SBSwk3/04,Pl,20.13428593
ESSFmv3/03,Sx,6
SBSwk3/05,Pl,15.69714274
SBSwk3/05,Sb,11.1942858
ESSFmv3/03,Sx,6
SBSwk3/05,Pl,15.69714274
SBSwk3/05,Sb,11.1942858
ESSFmv4/03,Sx,6
SBSwk3/06,Bl,16.79454569
SBSwk3/06,Pl,19.14899998
SBPSmc/02,Sx,6
SBSwk3/06,Bl,16.79454569
SBSwk3/06,Pl,19.14899998
SBPSmc/02,Sx,6
SBSwk3/07,Bl,18.01100025
SBSwk3/07,Pl,21
SBPSmc/03,Sx,6
SBSwk3/07,Bl,18.01100025
SBSwk3/07,Pl,21
SBPSmc/03,Sx,6
SBSwk3/08,Bl,18.02999973
SBSwk3/08,Pl,18.02799997
SBPSmc/04,Sx,6
SBSwk3/08,Bl,18.02999973
SBSwk3/08,Pl,18.02799997
SBPSmc/04,Sx,6
